index,phase,page
0,before,0
1,before,1
2,before,2
3,before,3
4,before,4
5,before,5
6,before,6
7,before,7
8,before,11
9,before,0
10,before,1
11,before,2
12,before,3
13,before,21
14,before,39
15,before,4
16,before,5
17,before,6
18,before,59
19,before,7
20,before,0
21,before,1
22,before,2
23,before,3
24,before,4
25,before,5
26,before,6
27,before,7
28,before,0
29,before,24
30,before,1
31,before,2
32,before,3
33,before,4
34,before,5
35,before,6
36,before,7
37,before,0
38,before,1
39,before,2
40,before,3
41,before,4
42,before,5
43,before,6
44,before,62
45,before,7
46,before,0
47,before,1
48,before,2
49,before,3
50,before,56
51,before,4
52,before,5
53,before,6
54,before,7
55,before,0
56,before,1
57,before,2
58,before,3
59,before,4
60,before,5
61,before,6
62,before,7
63,before,0
64,before,1
65,before,2
66,before,3
67,before,4
68,before,5
69,before,63
70,before,6
71,before,7
72,before,0
73,before,1
74,before,2
75,before,3
76,before,4
77,before,5
78,before,6
79,before,7
80,before,0
81,before,1
82,before,2
83,before,29
84,before,3
85,before,4
86,before,5
87,before,6
88,before,7
89,before,0
90,before,1
91,before,2
92,before,3
93,before,4
94,before,5
95,before,6
96,before,7
97,before,0
98,before,1
99,before,2
100,before,3
101,before,4
102,before,5
103,before,6
104,before,7
105,before,0
106,before,1
107,before,11
108,before,2
109,before,3
110,before,4
111,before,5
112,before,6
113,before,7
114,before,0
115,before,1
116,before,2
117,before,3
118,before,4
119,before,5
120,before,6
121,before,7
122,before,0
123,before,1
124,before,2
125,before,3
126,before,4
127,before,5
128,before,6
129,before,7
130,before,0
131,before,1
132,before,2
133,before,3
134,before,4
135,before,5
136,before,6
137,before,7
138,before,0
139,before,1
140,before,2
141,before,3
142,before,4
143,before,5
144,before,6
145,before,7
146,before,0
147,before,1
148,before,2
149,before,3
150,before,4
151,before,5
152,before,6
153,before,7
154,before,0
155,before,1
156,before,2
157,before,3
158,before,4
159,before,5
160,before,6
161,before,7
162,before,0
163,before,1
164,before,2
165,before,3
166,before,4
167,before,5
168,before,6
169,before,43
170,before,7
171,before,0
172,before,1
173,before,2
174,before,3
175,before,40
176,before,4
177,before,5
178,before,6
179,before,7
180,before,0
181,before,1
182,before,2
183,before,3
184,before,4
185,before,5
186,before,6
187,before,7
188,before,0
189,before,1
190,before,2
191,before,3
192,before,4
193,before,5
194,before,6
195,before,7
196,before,0
197,before,1
198,before,2
199,before,34
200,before,3
201,before,4
202,before,5
203,before,37
204,before,6
205,before,7
206,before,0
207,before,1
208,before,2
209,before,3
210,before,4
211,before,5
212,before,6
213,before,7
214,before,0
215,before,1
216,before,2
217,before,3
218,before,4
219,before,5
220,before,6
221,before,7
222,before,60
223,before,0
224,before,1
225,before,2
226,before,3
227,before,4
228,before,63
229,before,5
230,before,6
231,before,7
232,before,0
233,before,1
234,before,2
235,before,3
236,before,4
237,before,5
238,before,18
239,before,6
240,before,7
241,before,0
242,before,1
243,before,37
244,before,2
245,before,3
246,before,4
247,before,5
248,before,6
249,before,7
250,before,0
251,before,1
252,before,2
253,before,3
254,before,4
255,before,5
256,before,6
257,before,7
258,before,0
259,before,1
260,before,2
261,before,3
262,before,4
263,before,5
264,before,6
265,before,7
266,before,0
267,before,1
268,before,13
269,before,2
270,before,3
271,before,16
272,before,4
273,before,5
274,before,6
275,before,7
276,before,0
277,before,1
278,before,2
279,before,23
280,before,50
281,before,54
282,before,3
283,before,4
284,before,5
285,before,6
286,before,49
287,before,7
288,before,0
289,before,1
290,before,2
291,before,3
292,before,4
293,before,5
294,before,6
295,before,18
296,before,7
297,before,0
298,before,1
299,before,2
300,before,3
301,before,4
302,before,5
303,before,6
304,before,7
305,before,0
306,before,1
307,before,2
308,before,3
309,before,17
310,before,4
311,before,55
312,before,5
313,before,6
314,before,7
315,before,0
316,before,1
317,before,2
318,before,3
319,before,4
320,before,5
321,before,6
322,before,7
323,before,0
324,before,1
325,before,2
326,before,3
327,before,40
328,before,4
329,before,5
330,before,6
331,before,7
332,before,0
333,before,1
334,before,2
335,before,3
336,before,4
337,before,5
338,before,6
339,before,7
340,before,0
341,before,1
342,before,2
343,before,3
344,before,43
345,before,4
346,before,19
347,before,5
348,before,6
349,before,7
350,before,0
351,before,1
352,before,22
353,before,2
354,before,56
355,before,3
356,before,4
357,before,5
358,before,23
359,before,6
360,before,7
361,before,0
362,before,1
363,before,2
364,before,15
365,before,3
366,before,4
367,before,5
368,before,6
369,before,7
370,before,0
371,before,1
372,before,2
373,before,3
374,before,4
375,before,5
376,before,6
377,before,7
378,before,0
379,before,1
380,before,2
381,before,3
382,before,4
383,before,5
384,before,63
385,before,6
386,before,7
387,before,0
388,before,1
389,before,2
390,before,62
391,before,3
392,before,4
393,before,5
394,before,6
395,before,7
396,before,0
397,before,1
398,before,2
399,before,3
400,before,4
401,before,5
402,before,6
403,before,7
404,before,0
405,before,1
406,before,2
407,before,3
408,before,4
409,before,5
410,before,6
411,before,7
412,before,0
413,before,1
414,before,2
415,before,3
416,before,4
417,before,61
418,before,5
419,before,6
420,before,54
421,before,7
422,before,0
423,before,1
424,before,2
425,before,3
426,before,4
427,before,5
428,before,6
429,before,7
430,before,0
431,before,1
432,before,2
433,before,3
434,before,62
435,before,4
436,before,5
437,before,62
438,before,23
439,before,6
440,before,7
441,before,0
442,before,1
443,before,2
444,before,3
445,before,4
446,before,5
447,before,6
448,before,7
449,before,0
450,before,1
451,before,2
452,before,3
453,before,4
454,before,61
455,before,5
456,before,6
457,before,7
458,before,0
459,before,1
460,before,2
461,before,3
462,before,4
463,before,5
464,before,6
465,before,7
466,before,0
467,before,1
468,before,2
469,before,3
470,before,4
471,before,5
472,before,6
473,before,7
474,before,0
475,before,1
476,before,2
477,before,3
478,before,4
479,before,5
480,before,6
481,before,7
482,before,0
483,before,1
484,before,2
485,before,45
486,before,3
487,before,4
488,before,5
489,before,6
490,before,7
491,before,0
492,before,1
493,before,2
494,before,3
495,before,4
496,before,5
497,before,6
498,before,7
499,before,41
500,before,0
501,before,1
502,before,2
503,before,3
504,before,4
505,before,34
506,before,5
507,before,6
508,before,19
509,before,7
510,before,0
511,before,36
512,before,1
513,before,2
514,before,3
515,before,4
516,before,60
517,before,5
518,before,6
519,before,7
520,before,0
521,before,1
522,before,2
523,before,3
524,before,4
525,before,5
526,before,6
527,before,7
528,before,0
529,before,1
530,before,2
531,before,3
532,before,4
533,before,5
534,before,22
535,before,6
536,before,7
537,before,0
538,before,1
539,before,2
540,before,3
541,before,4
542,before,5
543,before,9
544,before,6
545,before,7
546,before,0
547,before,1
548,before,2
549,before,3
550,before,4
551,before,5
552,before,31
553,before,6
554,before,26
555,before,7
556,before,0
557,before,1
558,before,2
559,before,3
560,before,4
561,before,12
562,before,5
563,before,6
564,before,7
565,before,0
566,before,1
567,before,2
568,before,3
569,before,4
570,before,5
571,before,6
572,before,7
573,before,0
574,before,1
575,before,2
576,before,45
577,before,3
578,before,4
579,before,5
580,before,6
581,before,23
582,before,50
583,before,7
584,before,0
585,before,1
586,before,2
587,before,3
588,before,4
589,before,5
590,before,6
591,before,41
592,before,7
593,before,0
594,before,1
595,before,2
596,before,14
597,before,23
598,before,3
599,before,4
600,before,5
601,before,6
602,before,7
603,before,0
604,before,1
605,before,2
606,before,3
607,before,4
608,before,41
609,before,5
610,before,6
611,before,7
612,before,0
613,before,1
614,before,2
615,before,3
616,before,4
617,before,5
618,before,6
619,before,7
620,before,0
621,before,1
622,before,2
623,before,3
624,before,4
625,before,5
626,before,6
627,before,7
628,before,0
629,before,20
630,before,1
631,before,2
632,before,3
633,before,4
634,before,36
635,before,5
636,before,6
637,before,7
638,before,0
639,before,25
640,before,1
641,before,2
642,before,3
643,before,4
644,before,5
645,before,6
646,before,7
647,before,0
648,before,1
649,before,2
650,before,3
651,before,4
652,before,5
653,before,6
654,before,7
655,before,0
656,before,1
657,before,2
658,before,3
659,before,4
660,before,5
661,before,6
662,before,7
663,before,0
664,before,60
665,before,1
666,before,2
667,before,3
668,before,4
669,before,5
670,before,6
671,before,22
672,before,7
673,before,0
674,before,16
675,before,1
676,before,2
677,before,3
678,before,4
679,before,5
680,before,6
681,before,7
682,before,0
683,before,1
684,before,2
685,before,3
686,before,4
687,before,5
688,before,6
689,before,7
690,before,0
691,before,1
692,before,2
693,before,3
694,before,4
695,before,5
696,before,6
697,before,7
698,before,0
699,before,1
700,before,2
701,before,3
702,before,4
703,before,5
704,before,6
705,before,7
706,before,0
707,before,1
708,before,2
709,before,3
710,before,4
711,before,5
712,before,6
713,before,7
714,before,0
715,before,26
716,before,1
717,before,2
718,before,45
719,before,3
720,before,4
721,before,5
722,before,6
723,before,7
724,before,0
725,before,1
726,before,2
727,before,3
728,before,4
729,before,5
730,before,6
731,before,7
732,before,0
733,before,19
734,before,56
735,before,1
736,before,2
737,before,3
738,before,4
739,before,5
740,before,6
741,before,7
742,before,0
743,before,1
744,before,2
745,before,59
746,before,3
747,before,4
748,before,5
749,before,6
750,before,7
751,before,0
752,before,1
753,before,2
754,before,3
755,before,33
756,before,4
757,before,24
758,before,5
759,before,6
760,before,7
761,before,0
762,before,1
763,before,2
764,before,3
765,before,4
766,before,5
767,before,6
768,before,7
769,before,0
770,before,52
771,before,1
772,before,2
773,before,3
774,before,4
775,before,5
776,before,6
777,before,7
778,before,0
779,before,1
780,before,2
781,before,3
782,before,4
783,before,5
784,before,6
785,before,33
786,before,7
787,before,0
788,before,1
789,before,2
790,before,3
791,before,4
792,before,5
793,before,6
794,before,7
795,before,0
796,before,1
797,before,2
798,before,8
799,before,24
800,before,3
801,before,4
802,before,5
803,before,6
804,before,7
805,before,0
806,before,1
807,before,34
808,before,2
809,before,3
810,before,4
811,before,5
812,before,6
813,before,7
814,before,0
815,before,1
816,before,2
817,before,3
818,before,4
819,before,5
820,before,6
821,before,7
822,before,0
823,before,1
824,before,2
825,before,3
826,before,4
827,before,5
828,before,6
829,before,34
830,before,7
831,before,0
832,before,1
833,before,2
834,before,3
835,before,4
836,before,5
837,before,6
838,before,7
839,before,0
840,before,1
841,before,2
842,before,3
843,before,4
844,before,58
845,before,22
846,before,5
847,before,6
848,before,7
849,before,0
850,before,1
851,before,2
852,before,3
853,before,4
854,before,5
855,before,6
856,before,7
857,before,0
858,before,1
859,before,2
860,before,3
861,before,4
862,before,5
863,before,6
864,before,7
865,before,0
866,before,1
867,before,2
868,before,3
869,before,4
870,before,5
871,before,6
872,before,7
873,before,0
874,before,1
875,before,2
876,before,3
877,before,4
878,before,5
879,before,6
880,before,7
881,before,0
882,before,1
883,before,2
884,before,3
885,before,4
886,before,5
887,before,6
888,before,7
889,before,0
890,before,1
891,before,2
892,before,3
893,before,4
894,before,5
895,before,6
896,before,7
897,before,0
898,before,49
899,before,1
900,before,2
901,before,3
902,before,25
903,before,4
904,before,5
905,before,6
906,before,7
907,before,0
908,before,1
909,before,2
910,before,3
911,before,4
912,before,5
913,before,6
914,before,7
915,before,0
916,before,17
917,before,1
918,before,2
919,before,3
920,before,4
921,before,5
922,before,6
923,before,7
924,before,36
925,before,30
926,before,0
927,before,1
928,before,2
929,before,3
930,before,4
931,before,5
932,before,6
933,before,7
934,before,0
935,before,1
936,before,2
937,before,3
938,before,4
939,before,5
940,before,6
941,before,7
942,before,0
943,before,1
944,before,2
945,before,57
946,before,3
947,before,4
948,before,5
949,before,9
950,before,6
951,before,7
952,before,0
953,before,1
954,before,2
955,before,3
956,before,34
957,before,21
958,before,50
959,before,4
960,before,5
961,before,6
962,before,7
963,before,0
964,before,1
965,before,2
966,before,3
967,before,4
968,before,5
969,before,6
970,before,7
971,before,0
972,before,55
973,before,1
974,before,2
975,before,3
976,before,4
977,before,53
978,before,5
979,before,6
980,before,7
981,before,0
982,before,1
983,before,2
984,before,3
985,before,4
986,before,5
987,before,6
988,before,60
989,before,7
990,before,0
991,before,1
992,before,2
993,before,3
994,before,4
995,before,5
996,before,6
997,before,7
998,before,0
999,before,1
1000,before,2
1001,before,3
1002,before,4
1003,before,5
1004,before,6
1005,before,7
1006,before,0
1007,before,1
1008,before,2
1009,before,3
1010,before,4
1011,before,41
1012,before,5
1013,before,6
1014,before,7
1015,before,55
1016,before,0
1017,before,12
1018,before,1
1019,before,2
1020,before,53
1021,before,3
1022,before,4
1023,before,5
1024,before,6
1025,before,7
1026,before,0
1027,before,1
1028,before,19
1029,before,2
1030,before,3
1031,before,4
1032,before,5
1033,before,6
1034,before,7
1035,before,49
1036,before,0
1037,before,1
1038,before,2
1039,before,3
1040,before,26
1041,before,4
1042,before,5
1043,before,6
1044,before,7
1045,before,0
1046,before,1
1047,before,2
1048,before,3
1049,before,4
1050,before,5
1051,before,6
1052,before,30
1053,before,7
1054,before,0
1055,before,1
1056,before,2
1057,before,3
1058,before,4
1059,before,5
1060,before,6
1061,before,7
1062,before,0
1063,before,1
1064,before,2
1065,before,3
1066,before,29
1067,before,4
1068,before,37
1069,before,5
1070,before,6
1071,before,7
1072,before,0
1073,before,1
1074,before,2
1075,before,3
1076,before,4
1077,before,5
1078,before,6
1079,before,38
1080,before,8
1081,before,7
1082,before,0
1083,before,1
1084,before,2
1085,before,3
1086,before,4
1087,before,5
1088,before,6
1089,before,7
1090,before,0
1091,before,1
1092,before,2
1093,before,3
1094,before,4
1095,before,5
1096,before,6
1097,before,7
1098,before,0
1099,before,1
1100,before,2
1101,before,3
1102,before,4
1103,before,5
1104,before,6
1105,before,7
1106,before,49
1107,before,0
1108,before,1
1109,before,2
1110,before,3
1111,before,4
1112,before,5
1113,before,6
1114,before,7
1115,before,0
1116,before,1
1117,before,2
1118,before,3
1119,before,4
1120,before,5
1121,before,6
1122,before,7
1123,before,0
1124,before,1
1125,before,2
1126,before,3
1127,before,4
1128,before,5
1129,before,6
1130,before,7
1131,before,0
1132,before,1
1133,before,2
1134,before,3
1135,before,4
1136,before,5
1137,before,6
1138,before,7
1139,before,29
1140,before,0
1141,before,1
1142,before,2
1143,before,3
1144,before,4
1145,before,5
1146,before,6
1147,before,7
1148,before,0
1149,before,1
1150,before,2
1151,before,3
1152,before,4
1153,before,5
1154,before,6
1155,before,7
1156,before,0
1157,before,1
1158,before,21
1159,before,2
1160,before,3
1161,before,4
1162,before,5
1163,before,6
1164,before,7
1165,before,0
1166,before,1
1167,before,2
1168,before,3
1169,before,4
1170,before,5
1171,before,6
1172,before,7
1173,before,0
1174,before,1
1175,before,2
1176,before,3
1177,before,4
1178,before,55
1179,before,5
1180,before,25
1181,before,6
1182,before,7
1183,before,0
1184,before,1
1185,before,2
1186,before,3
1187,before,4
1188,before,5
1189,before,6
1190,before,7
1191,before,0
1192,before,1
1193,before,2
1194,before,3
1195,before,4
1196,before,5
1197,before,6
1198,before,59
1199,before,7
1200,before,0
1201,before,1
1202,before,2
1203,before,3
1204,before,4
1205,before,5
1206,before,6
1207,before,7
1208,before,0
1209,before,1
1210,before,2
1211,before,3
1212,before,4
1213,before,5
1214,before,55
1215,before,6
1216,before,7
1217,before,0
1218,before,1
1219,before,2
1220,before,3
1221,before,4
1222,before,5
1223,before,6
1224,before,14
1225,before,7
1226,before,0
1227,before,1
1228,before,2
1229,before,3
1230,before,4
1231,before,5
1232,before,6
1233,before,7
1234,before,47
1235,before,0
1236,before,18
1237,before,16
1238,before,1
1239,before,2
1240,before,3
1241,before,4
1242,before,5
1243,before,6
1244,before,7
1245,before,30
1246,before,0
1247,before,1
1248,before,10
1249,before,2
1250,before,3
1251,before,4
1252,before,5
1253,before,6
1254,before,7
1255,before,0
1256,before,1
1257,before,2
1258,before,3
1259,before,4
1260,before,5
1261,before,50
1262,before,6
1263,before,7
1264,before,0
1265,before,1
1266,before,2
1267,before,29
1268,before,31
1269,before,3
1270,before,51
1271,before,4
1272,before,5
1273,before,17
1274,before,6
1275,before,7
1276,before,0
1277,before,1
1278,before,2
1279,before,3
1280,before,4
1281,before,57
1282,before,5
1283,before,6
1284,before,7
1285,before,0
1286,before,1
1287,before,2
1288,before,63
1289,before,3
1290,before,4
1291,before,5
1292,before,6
1293,before,7
1294,before,0
1295,before,1
1296,before,2
1297,before,3
1298,before,4
1299,before,5
1300,before,6
1301,before,7
1302,before,0
1303,before,1
1304,before,2
1305,before,28
1306,before,3
1307,before,4
1308,before,5
1309,before,34
1310,before,6
1311,before,7
1312,before,0
1313,before,58
1314,before,1
1315,before,2
1316,before,3
1317,before,4
1318,before,34
1319,before,5
1320,before,6
1321,before,7
1322,before,0
1323,before,1
1324,before,2
1325,before,3
1326,before,4
1327,before,5
1328,before,6
1329,before,7
1330,before,0
1331,before,1
1332,before,2
1333,before,3
1334,before,4
1335,before,5
1336,before,6
1337,before,7
1338,before,12
1339,before,0
1340,before,1
1341,before,2
1342,before,3
1343,before,4
1344,before,5
1345,before,6
1346,before,7
1347,before,0
1348,before,29
1349,before,1
1350,before,2
1351,before,3
1352,before,43
1353,before,4
1354,before,5
1355,before,6
1356,before,7
1357,before,0
1358,before,1
1359,before,2
1360,before,9
1361,before,3
1362,before,4
1363,before,5
1364,before,6
1365,before,7
1366,before,0
1367,before,1
1368,before,2
1369,before,3
1370,before,4
1371,before,5
1372,before,6
1373,before,7
1374,before,0
1375,before,1
1376,before,2
1377,before,3
1378,before,4
1379,before,5
1380,before,6
1381,before,7
1382,before,0
1383,before,1
1384,before,2
1385,before,3
1386,before,4
1387,before,5
1388,before,6
1389,before,7
1390,before,0
1391,before,1
1392,before,2
1393,before,3
1394,before,4
1395,before,5
1396,before,6
1397,before,7
1398,before,0
1399,before,1
1400,before,2
1401,before,3
1402,before,34
1403,before,45
1404,before,4
1405,before,5
1406,before,6
1407,before,7
1408,before,21
1409,before,0
1410,before,1
1411,before,2
1412,before,3
1413,before,4
1414,before,5
1415,before,6
1416,before,41
1417,before,7
1418,before,0
1419,before,1
1420,before,2
1421,before,3
1422,before,4
1423,before,5
1424,before,6
1425,before,7
1426,before,0
1427,before,11
1428,before,1
1429,before,2
1430,before,3
1431,before,4
1432,before,5
1433,before,6
1434,before,7
1435,before,50
1436,before,0
1437,before,41
1438,before,1
1439,before,2
1440,before,3
1441,before,4
1442,before,5
1443,before,6
1444,before,7
1445,before,62
1446,before,0
1447,before,1
1448,before,2
1449,before,3
1450,before,4
1451,before,5
1452,before,6
1453,before,38
1454,before,7
1455,before,0
1456,before,8
1457,before,1
1458,before,2
1459,before,23
1460,before,3
1461,before,4
1462,before,5
1463,before,6
1464,before,7
1465,before,0
1466,before,1
1467,before,2
1468,before,3
1469,before,14
1470,before,4
1471,before,5
1472,before,6
1473,before,7
1474,before,0
1475,before,49
1476,before,1
1477,before,2
1478,before,3
1479,before,4
1480,before,5
1481,before,6
1482,before,7
1483,before,0
1484,before,1
1485,before,2
1486,before,3
1487,before,4
1488,before,5
1489,before,26
1490,before,6
1491,before,21
1492,before,7
1493,before,0
1494,before,1
1495,before,2
1496,before,3
1497,before,4
1498,before,5
1499,before,6
1500,before,7
1501,before,0
1502,before,1
1503,before,2
1504,before,3
1505,before,4
1506,before,16
1507,before,58
1508,before,5
1509,before,6
1510,before,7
1511,before,0
1512,before,1
1513,before,2
1514,before,3
1515,before,4
1516,before,5
1517,before,6
1518,before,7
1519,before,0
1520,before,1
1521,before,2
1522,before,3
1523,before,4
1524,before,5
1525,before,6
1526,before,7
1527,before,0
1528,before,1
1529,before,2
1530,before,3
1531,before,4
1532,before,5
1533,before,58
1534,before,6
1535,before,7
1536,before,0
1537,before,48
1538,before,1
1539,before,2
1540,before,3
1541,before,4
1542,before,5
1543,before,6
1544,before,7
1545,before,0
1546,before,1
1547,before,2
1548,before,3
1549,before,4
1550,before,5
1551,before,6
1552,before,7
1553,before,0
1554,before,32
1555,before,1
1556,before,2
1557,before,3
1558,before,4
1559,before,5
1560,before,6
1561,before,7
1562,before,0
1563,before,1
1564,before,2
1565,before,3
1566,before,4
1567,before,5
1568,before,52
1569,before,6
1570,before,7
1571,before,0
1572,before,50
1573,before,1
1574,before,2
1575,before,3
1576,before,4
1577,before,5
1578,before,6
1579,before,40
1580,before,7
1581,before,0
1582,before,1
1583,before,47
1584,before,2
1585,before,3
1586,before,4
1587,before,5
1588,before,6
1589,before,7
1590,before,0
1591,before,1
1592,before,2
1593,before,3
1594,before,4
1595,before,5
1596,before,39
1597,before,6
1598,before,7
1599,before,0
1600,before,1
1601,before,27
1602,before,2
1603,before,3
1604,before,4
1605,before,5
1606,before,6
1607,before,7
1608,before,0
1609,before,1
1610,before,2
1611,before,3
1612,before,4
1613,before,25
1614,before,5
1615,before,49
1616,before,6
1617,before,7
1618,before,0
1619,before,1
1620,before,2
1621,before,45
1622,before,3
1623,before,4
1624,before,5
1625,before,42
1626,before,6
1627,before,29
1628,before,7
1629,before,0
1630,before,53
1631,before,1
1632,before,20
1633,before,2
1634,before,3
1635,before,25
1636,before,11
1637,before,4
1638,before,5
1639,before,6
1640,before,7
1641,before,15
1642,before,0
1643,before,1
1644,before,2
1645,before,3
1646,before,4
1647,before,5
1648,before,6
1649,before,7
1650,before,0
1651,before,1
1652,before,2
1653,before,3
1654,before,4
1655,before,5
1656,before,6
1657,before,7
1658,before,0
1659,before,1
1660,before,2
1661,before,3
1662,before,4
1663,before,5
1664,before,6
1665,before,7
1666,before,0
1667,before,1
1668,before,21
1669,before,2
1670,before,3
1671,before,14
1672,before,4
1673,before,5
1674,before,6
1675,before,7
1676,before,8
1677,before,0
1678,before,1
1679,before,2
1680,before,3
1681,before,4
1682,before,5
1683,before,6
1684,before,7
1685,before,0
1686,before,1
1687,before,2
1688,before,3
1689,before,4
1690,before,5
1691,before,6
1692,before,7
1693,before,0
1694,before,1
1695,before,41
1696,before,2
1697,before,3
1698,before,4
1699,before,5
1700,before,17
1701,before,6
1702,before,7
1703,before,0
1704,before,1
1705,before,2
1706,before,3
1707,before,4
1708,before,5
1709,before,15
1710,before,6
1711,before,7
1712,before,0
1713,before,1
1714,before,46
1715,before,2
1716,before,3
1717,before,49
1718,before,4
1719,before,5
1720,before,6
1721,before,43
1722,before,7
1723,before,0
1724,before,1
1725,before,2
1726,before,3
1727,before,4
1728,before,5
1729,before,6
1730,before,7
1731,before,0
1732,before,11
1733,before,1
1734,before,2
1735,before,3
1736,before,4
1737,before,5
1738,before,6
1739,before,7
1740,before,0
1741,before,1
1742,before,2
1743,before,3
1744,before,4
1745,before,5
1746,before,6
1747,before,7
1748,before,0
1749,before,1
1750,before,2
1751,before,3
1752,before,4
1753,before,5
1754,before,6
1755,before,7
1756,before,27
1757,before,0
1758,before,1
1759,before,2
1760,before,3
1761,before,4
1762,before,5
1763,before,6
1764,before,7
1765,before,0
1766,before,1
1767,before,2
1768,before,3
1769,before,4
1770,before,21
1771,before,5
1772,before,6
1773,before,7
1774,before,0
1775,before,1
1776,before,2
1777,before,3
1778,before,4
1779,before,5
1780,before,6
1781,before,7
1782,before,0
1783,before,1
1784,before,2
1785,before,3
1786,before,4
1787,before,5
1788,before,6
1789,before,7
1790,before,0
1791,before,1
1792,before,2
1793,before,3
1794,before,4
1795,before,5
1796,before,6
1797,before,7
1798,before,0
1799,before,1
1800,before,2
1801,before,45
1802,before,3
1803,before,4
1804,before,5
1805,before,6
1806,before,7
1807,before,0
1808,before,21
1809,before,1
1810,before,2
1811,before,3
1812,before,4
1813,before,5
1814,before,6
1815,before,7
1816,before,40
1817,before,0
1818,before,1
1819,before,11
1820,before,2
1821,before,3
1822,before,4
1823,before,9
1824,before,5
1825,before,6
1826,before,7
1827,before,0
1828,before,1
1829,before,2
1830,before,3
1831,before,4
1832,before,5
1833,before,57
1834,before,6
1835,before,7
1836,before,0
1837,before,1
1838,before,2
1839,before,3
1840,before,4
1841,before,5
1842,before,6
1843,before,7
1844,before,0
1845,before,1
1846,before,2
1847,before,3
1848,before,4
1849,before,5
1850,before,6
1851,before,7
1852,before,0
1853,before,1
1854,before,2
1855,before,60
1856,before,3
1857,before,4
1858,before,5
1859,before,6
1860,before,7
1861,before,0
1862,before,1
1863,before,2
1864,before,3
1865,before,18
1866,before,4
1867,before,28
1868,before,5
1869,before,6
1870,before,58
1871,before,7
1872,before,0
1873,before,1
1874,before,2
1875,before,3
1876,before,4
1877,before,5
1878,before,6
1879,before,7
1880,before,0
1881,before,1
1882,before,2
1883,before,3
1884,before,4
1885,before,5
1886,before,6
1887,before,7
1888,before,0
1889,before,1
1890,before,2
1891,before,3
1892,before,4
1893,before,61
1894,before,5
1895,before,6
1896,before,7
1897,before,0
1898,before,1
1899,before,51
1900,before,2
1901,before,3
1902,before,4
1903,before,5
1904,before,6
1905,before,7
1906,before,0
1907,before,1
1908,before,2
1909,before,3
1910,before,4
1911,before,5
1912,before,6
1913,before,7
1914,before,0
1915,before,1
1916,before,2
1917,before,3
1918,before,28
1919,before,4
1920,before,5
1921,before,6
1922,before,7
1923,before,0
1924,before,1
1925,before,2
1926,before,3
1927,before,38
1928,before,4
1929,before,5
1930,before,6
1931,before,7
1932,before,0
1933,before,1
1934,before,2
1935,before,3
1936,before,4
1937,before,5
1938,before,29
1939,before,6
1940,before,7
1941,before,0
1942,before,1
1943,before,2
1944,before,3
1945,before,4
1946,before,13
1947,before,5
1948,before,6
1949,before,7
1950,before,0
1951,before,1
1952,before,2
1953,before,3
1954,before,4
1955,before,5
1956,before,57
1957,before,6
1958,before,7
1959,before,17
1960,before,0
1961,before,1
1962,before,2
1963,before,52
1964,before,3
1965,before,4
1966,before,62
1967,before,5
1968,before,6
1969,before,7
1970,before,0
1971,before,1
1972,before,2
1973,before,3
1974,before,4
1975,before,5
1976,before,6
1977,before,7
1978,before,0
1979,before,1
1980,before,2
1981,before,3
1982,before,4
1983,before,5
1984,before,6
1985,before,7
1986,before,0
1987,before,1
1988,before,2
1989,before,3
1990,before,50
1991,before,4
1992,before,5
1993,before,6
1994,before,7
1995,before,0
1996,before,1
1997,before,2
1998,before,3
1999,before,4
2000,before,5
2001,before,6
2002,before,7
2003,before,0
2004,before,1
2005,before,45
2006,before,2
2007,before,3
2008,before,12
2009,before,4
2010,before,5
2011,before,6
2012,before,7
2013,before,0
2014,before,1
2015,before,2
2016,before,3
2017,before,4
2018,before,5
2019,before,6
2020,before,7
2021,before,0
2022,before,23
2023,before,1
2024,before,2
2025,before,3
2026,before,4
2027,before,5
2028,before,6
2029,before,7
2030,before,0
2031,before,1
2032,before,2
2033,before,3
2034,before,4
2035,before,5
2036,before,6
2037,before,7
2038,before,0
2039,before,1
2040,before,2
2041,before,3
2042,before,4
2043,before,5
2044,before,6
2045,before,7
2046,before,0
2047,before,55
2048,before,1
2049,before,2
2050,before,3
2051,before,4
2052,before,5
2053,before,6
2054,before,7
2055,before,0
2056,before,1
2057,before,2
2058,before,24
2059,before,3
2060,before,4
2061,before,5
2062,before,6
2063,before,7
2064,before,0
2065,before,1
2066,before,2
2067,before,15
2068,before,3
2069,before,4
2070,before,5
2071,before,6
2072,before,7
2073,before,0
2074,before,1
2075,before,2
2076,before,3
2077,before,4
2078,before,5
2079,before,6
2080,before,7
2081,before,0
2082,before,1
2083,before,2
2084,before,3
2085,before,4
2086,before,5
2087,before,42
2088,before,6
2089,before,7
2090,before,0
2091,before,1
2092,before,2
2093,before,3
2094,before,4
2095,before,5
2096,before,6
2097,before,7
2098,before,39
2099,before,0
2100,before,1
2101,before,2
2102,before,3
2103,before,4
2104,before,5
2105,before,6
2106,before,7
2107,before,0
2108,before,1
2109,before,2
2110,before,3
2111,before,4
2112,before,35
2113,before,5
2114,before,6
2115,before,7
2116,before,0
2117,before,1
2118,before,42
2119,before,2
2120,before,3
2121,before,4
2122,before,60
2123,before,5
2124,before,6
2125,before,7
2126,before,0
2127,before,1
2128,before,2
2129,before,3
2130,before,59
2131,before,4
2132,before,47
2133,before,5
2134,before,6
2135,before,7
2136,before,0
2137,before,1
2138,before,2
2139,before,3
2140,before,4
2141,before,5
2142,before,6
2143,before,7
2144,before,49
2145,before,0
2146,before,16
2147,before,1
2148,before,58
2149,before,2
2150,before,3
2151,before,4
2152,before,5
2153,before,6
2154,before,7
2155,before,0
2156,before,1
2157,before,2
2158,before,3
2159,before,4
2160,before,5
2161,before,6
2162,before,48
2163,before,7
2164,before,0
2165,before,1
2166,before,2
2167,before,3
2168,before,4
2169,before,5
2170,before,6
2171,before,20
2172,before,7
2173,before,0
2174,before,1
2175,before,2
2176,before,3
2177,before,4
2178,before,20
2179,before,5
2180,before,6
2181,before,7
2182,before,0
2183,before,1
2184,before,2
2185,before,3
2186,before,4
2187,before,5
2188,before,6
2189,before,7
2190,before,23
2191,before,0
2192,before,1
2193,before,2
2194,before,3
2195,before,4
2196,before,5
2197,before,6
2198,before,36
2199,before,7
2200,before,0
2201,before,1
2202,before,2
2203,before,3
2204,before,4
2205,before,5
2206,before,6
2207,before,7
2208,before,0
2209,before,1
2210,before,2
2211,before,3
2212,before,58
2213,before,4
2214,before,5
2215,before,6
2216,before,19
2217,before,7
2218,before,0
2219,before,1
2220,before,63
2221,before,47
2222,before,18
2223,before,17
2224,before,2
2225,before,3
2226,before,4
2227,before,5
2228,before,6
2229,before,7
2230,before,0
2231,before,1
2232,before,27
2233,before,2
2234,before,51
2235,before,3
2236,before,4
2237,before,5
2238,before,46
2239,before,6
2240,before,7
2241,before,0
2242,before,1
2243,before,2
2244,before,3
2245,before,4
2246,before,5
2247,before,6
2248,before,7
2249,before,0
2250,before,1
2251,before,2
2252,before,3
2253,before,4
2254,before,5
2255,before,6
2256,before,7
2257,before,0
2258,before,54
2259,before,1
2260,before,2
2261,before,3
2262,before,4
2263,before,5
2264,before,6
2265,before,7
2266,before,0
2267,before,1
2268,before,2
2269,before,3
2270,before,4
2271,before,5
2272,before,6
2273,before,7
2274,before,42
2275,before,0
2276,before,1
2277,before,2
2278,before,3
2279,before,4
2280,before,5
2281,before,6
2282,before,7
2283,before,0
2284,before,1
2285,before,2
2286,before,3
2287,before,4
2288,before,5
2289,before,6
2290,before,7
2291,before,0
2292,before,1
2293,before,2
2294,before,3
2295,before,4
2296,before,5
2297,before,6
2298,before,7
2299,before,0
2300,before,1
2301,before,2
2302,before,3
2303,before,4
2304,before,5
2305,before,6
2306,before,7
2307,before,0
2308,before,53
2309,before,1
2310,before,2
2311,before,3
2312,before,4
2313,before,5
2314,before,6
2315,before,7
2316,before,0
2317,before,1
2318,before,2
2319,before,3
2320,before,4
2321,before,5
2322,before,6
2323,before,7
2324,before,0
2325,before,1
2326,before,26
2327,before,2
2328,before,3
2329,before,4
2330,before,5
2331,before,6
2332,before,7
2333,before,0
2334,before,1
2335,before,2
2336,before,3
2337,before,4
2338,before,5
2339,before,6
2340,before,7
2341,before,0
2342,before,1
2343,before,27
2344,before,2
2345,before,3
2346,before,4
2347,before,5
2348,before,6
2349,before,7
2350,before,0
2351,before,1
2352,before,11
2353,before,2
2354,before,3
2355,before,4
2356,before,5
2357,before,48
2358,before,48
2359,before,6
2360,before,7
2361,before,0
2362,before,1
2363,before,2
2364,before,3
2365,before,4
2366,before,5
2367,before,6
2368,before,7
2369,before,0
2370,before,1
2371,before,2
2372,before,3
2373,before,4
2374,before,5
2375,before,6
2376,before,7
2377,before,0
2378,before,1
2379,before,2
2380,before,3
2381,before,4
2382,before,5
2383,before,60
2384,before,6
2385,before,12
2386,before,7
2387,before,0
2388,before,1
2389,before,2
2390,before,3
2391,before,4
2392,before,5
2393,before,56
2394,before,6
2395,before,7
2396,before,0
2397,before,1
2398,before,2
2399,before,3
2400,before,4
2401,before,5
2402,before,6
2403,before,7
2404,before,0
2405,before,1
2406,before,2
2407,before,3
2408,before,26
2409,before,4
2410,before,5
2411,before,6
2412,before,59
2413,before,7
2414,before,0
2415,before,1
2416,before,2
2417,before,3
2418,before,4
2419,before,5
2420,before,6
2421,before,7
2422,before,0
2423,before,42
2424,before,1
2425,before,2
2426,before,3
2427,before,4
2428,before,5
2429,before,6
2430,before,7
2431,before,0
2432,before,1
2433,before,2
2434,before,3
2435,before,4
2436,before,5
2437,before,6
2438,before,7
2439,before,0
2440,before,1
2441,before,2
2442,before,3
2443,before,25
2444,before,4
2445,before,5
2446,before,6
2447,before,7
2448,before,0
2449,before,1
2450,before,49
2451,before,2
2452,before,3
2453,before,4
2454,before,14
2455,before,5
2456,before,6
2457,before,7
2458,before,0
2459,before,1
2460,before,2
2461,before,3
2462,before,4
2463,before,5
2464,before,6
2465,before,7
2466,before,0
2467,before,1
2468,before,2
2469,before,3
2470,before,4
2471,before,5
2472,before,63
2473,before,6
2474,before,7
2475,before,0
2476,before,1
2477,before,21
2478,before,2
2479,before,3
2480,before,4
2481,before,5
2482,before,6
2483,before,33
2484,before,7
2485,before,0
2486,before,1
2487,before,2
2488,before,3
2489,before,4
2490,before,5
2491,before,6
2492,before,7
2493,before,0
2494,before,1
2495,before,2
2496,before,3
2497,before,4
2498,before,5
2499,before,6
2500,before,7
2501,before,0
2502,before,1
2503,before,2
2504,before,3
2505,before,4
2506,before,56
2507,before,5
2508,before,6
2509,before,7
2510,before,0
2511,before,55
2512,before,1
2513,before,2
2514,before,3
2515,before,62
2516,before,4
2517,before,5
2518,before,6
2519,before,7
2520,before,0
2521,before,1
2522,before,2
2523,before,3
2524,before,4
2525,before,5
2526,before,6
2527,before,7
2528,before,0
2529,before,1
2530,before,2
2531,before,3
2532,before,4
2533,before,5
2534,before,6
2535,before,33
2536,before,7
2537,before,0
2538,before,1
2539,before,2
2540,before,3
2541,before,4
2542,before,5
2543,before,6
2544,before,7
2545,before,0
2546,before,1
2547,before,2
2548,before,3
2549,before,4
2550,before,5
2551,before,6
2552,before,7
2553,before,0
2554,before,1
2555,before,2
2556,before,3
2557,before,4
2558,before,5
2559,before,6
2560,before,7
2561,before,0
2562,before,1
2563,before,2
2564,before,59
2565,before,3
2566,before,4
2567,before,5
2568,before,6
2569,before,7
2570,before,0
2571,before,1
2572,before,2
2573,before,3
2574,before,4
2575,before,5
2576,before,6
2577,before,7
2578,before,0
2579,before,1
2580,before,2
2581,before,58
2582,before,3
2583,before,4
2584,before,5
2585,before,6
2586,before,7
2587,before,0
2588,before,59
2589,before,1
2590,before,2
2591,before,3
2592,before,4
2593,before,5
2594,before,6
2595,before,7
2596,before,0
2597,before,1
2598,before,2
2599,before,3
2600,before,4
2601,before,5
2602,before,6
2603,before,7
2604,before,0
2605,before,1
2606,before,2
2607,before,3
2608,before,4
2609,before,5
2610,before,35
2611,before,6
2612,before,7
2613,before,0
2614,before,1
2615,before,2
2616,before,3
2617,before,4
2618,before,5
2619,before,6
2620,before,7
2621,before,0
2622,before,1
2623,before,2
2624,before,55
2625,before,3
2626,before,46
2627,before,4
2628,before,5
2629,before,6
2630,before,7
2631,before,0
2632,before,1
2633,before,2
2634,before,3
2635,before,4
2636,before,54
2637,before,5
2638,before,6
2639,before,7
2640,before,0
2641,before,1
2642,before,2
2643,before,44
2644,before,3
2645,before,4
2646,before,10
2647,before,43
2648,before,5
2649,before,34
2650,before,6
2651,before,7
2652,before,0
2653,before,1
2654,before,2
2655,before,3
2656,before,4
2657,before,5
2658,before,6
2659,before,7
2660,before,39
2661,before,0
2662,before,1
2663,before,49
2664,before,2
2665,before,3
2666,before,4
2667,before,5
2668,before,6
2669,before,7
2670,before,0
2671,before,1
2672,before,2
2673,before,3
2674,before,40
2675,before,4
2676,before,5
2677,before,6
2678,before,7
2679,before,25
2680,before,0
2681,before,1
2682,before,2
2683,before,3
2684,before,4
2685,before,5
2686,before,6
2687,before,7
2688,before,0
2689,before,1
2690,before,2
2691,before,3
2692,before,4
2693,before,5
2694,before,6
2695,before,7
2696,before,0
2697,before,1
2698,before,2
2699,before,30
2700,before,3
2701,before,4
2702,before,5
2703,before,6
2704,before,7
2705,before,0
2706,before,1
2707,before,2
2708,before,3
2709,before,4
2710,before,5
2711,before,6
2712,before,7
2713,before,0
2714,before,1
2715,before,2
2716,before,3
2717,before,4
2718,before,5
2719,before,6
2720,before,7
2721,before,0
2722,before,1
2723,before,2
2724,before,3
2725,before,4
2726,before,5
2727,before,6
2728,before,7
2729,before,0
2730,before,1
2731,before,2
2732,before,3
2733,before,4
2734,before,5
2735,before,6
2736,before,7
2737,before,0
2738,before,1
2739,before,2
2740,before,3
2741,before,4
2742,before,5
2743,before,6
2744,before,47
2745,before,7
2746,before,0
2747,before,1
2748,before,2
2749,before,3
2750,before,4
2751,before,5
2752,before,6
2753,before,7
2754,before,0
2755,before,1
2756,before,2
2757,before,37
2758,before,3
2759,before,4
2760,before,32
2761,before,5
2762,before,6
2763,before,7
2764,before,0
2765,before,1
2766,before,2
2767,before,3
2768,before,4
2769,before,5
2770,before,6
2771,before,7
2772,before,28
2773,before,0
2774,before,1
2775,before,2
2776,before,3
2777,before,4
2778,before,5
2779,before,6
2780,before,7
2781,before,0
2782,before,1
2783,before,2
2784,before,3
2785,before,4
2786,before,5
2787,before,6
2788,before,7
2789,before,0
2790,before,1
2791,before,2
2792,before,3
2793,before,40
2794,before,4
2795,before,5
2796,before,6
2797,before,7
2798,before,0
2799,before,21
2800,before,50
2801,before,1
2802,before,2
2803,before,3
2804,before,4
2805,before,5
2806,before,6
2807,before,7
2808,before,0
2809,before,1
2810,before,2
2811,before,3
2812,before,4
2813,before,5
2814,before,6
2815,before,7
2816,before,0
2817,before,1
2818,before,2
2819,before,3
2820,before,4
2821,before,5
2822,before,6
2823,before,7
2824,before,0
2825,before,1
2826,before,2
2827,before,3
2828,before,4
2829,before,5
2830,before,6
2831,before,7
2832,before,0
2833,before,1
2834,before,2
2835,before,3
2836,before,4
2837,before,5
2838,before,56
2839,before,6
2840,before,7
2841,before,0
2842,before,1
2843,before,2
2844,before,3
2845,before,4
2846,before,5
2847,before,6
2848,before,7
2849,before,0
2850,before,1
2851,before,2
2852,before,3
2853,before,4
2854,before,37
2855,before,5
2856,before,31
2857,before,6
2858,before,7
2859,before,0
2860,before,1
2861,before,2
2862,before,3
2863,before,4
2864,before,5
2865,before,6
2866,before,7
2867,before,37
2868,before,0
2869,before,1
2870,before,61
2871,before,2
2872,before,3
2873,before,57
2874,before,4
2875,before,5
2876,before,6
2877,before,7
2878,before,0
2879,before,1
2880,before,2
2881,before,20
2882,before,3
2883,before,4
2884,before,5
2885,before,6
2886,before,7
2887,before,0
2888,before,1
2889,before,2
2890,before,3
2891,before,4
2892,before,5
2893,before,6
2894,before,7
2895,before,0
2896,before,1
2897,before,2
2898,before,3
2899,before,4
2900,before,5
2901,before,6
2902,before,7
2903,before,0
2904,before,56
2905,before,1
2906,before,2
2907,before,3
2908,before,4
2909,before,5
2910,before,6
2911,before,7
2912,before,0
2913,before,1
2914,before,2
2915,before,3
2916,before,4
2917,before,5
2918,before,6
2919,before,7
2920,before,0
2921,before,1
2922,before,2
2923,before,3
2924,before,4
2925,before,5
2926,before,6
2927,before,18
2928,before,7
2929,before,0
2930,before,1
2931,before,2
2932,before,3
2933,before,4
2934,before,5
2935,before,6
2936,before,7
2937,before,8
2938,before,0
2939,before,1
2940,before,2
2941,before,3
2942,before,4
2943,before,5
2944,before,6
2945,before,7
2946,before,0
2947,before,1
2948,before,2
2949,before,3
2950,before,4
2951,before,5
2952,before,6
2953,before,7
2954,before,0
2955,before,1
2956,before,2
2957,before,3
2958,before,4
2959,before,5
2960,before,6
2961,before,7
2962,before,0
2963,before,1
2964,before,2
2965,before,3
2966,before,4
2967,before,5
2968,before,20
2969,before,6
2970,before,35
2971,before,7
2972,before,0
2973,before,1
2974,before,2
2975,before,3
2976,before,4
2977,before,5
2978,before,6
2979,before,7
2980,before,13
2981,before,9
2982,before,0
2983,before,1
2984,before,2
2985,before,3
2986,before,4
2987,before,5
2988,before,6
2989,before,15
2990,before,61
2991,before,7
2992,before,0
2993,before,1
2994,before,43
2995,before,2
2996,before,3
2997,before,4
2998,before,5
2999,before,6
3000,after,0
3001,after,5
3002,after,7
3003,after,7
3004,after,4
3005,after,4
3006,after,7
3007,after,1
3008,after,3
3009,after,4
3010,after,3
3011,after,52
3012,after,6
3013,after,6
3014,after,3
3015,after,4
3016,after,3
3017,after,4
3018,after,46
3019,after,1
3020,after,34
3021,after,40
3022,after,0
3023,after,2
3024,after,5
3025,after,38
3026,after,5
3027,after,3
3028,after,7
3029,after,5
3030,after,4
3031,after,6
3032,after,5
3033,after,0
3034,after,7
3035,after,4
3036,after,0
3037,after,5
3038,after,5
3039,after,7
3040,after,2
3041,after,27
3042,after,6
3043,after,2
3044,after,0
3045,after,3
3046,after,2
3047,after,1
3048,after,0
3049,after,0
3050,after,6
3051,after,7
3052,after,3
3053,after,0
3054,after,3
3055,after,7
3056,after,49
3057,after,4
3058,after,7
3059,after,5
3060,after,1
3061,after,57
3062,after,6
3063,after,5
3064,after,4
3065,after,7
3066,after,4
3067,after,52
3068,after,2
3069,after,36
3070,after,7
3071,after,6
3072,after,5
3073,after,16
3074,after,4
3075,after,6
3076,after,4
3077,after,3
3078,after,2
3079,after,53
3080,after,7
3081,after,6
3082,after,5
3083,after,42
3084,after,4
3085,after,5
3086,after,7
3087,after,5
3088,after,4
3089,after,15
3090,after,6
3091,after,11
3092,after,4
3093,after,7
3094,after,0
3095,after,4
3096,after,2
3097,after,1
3098,after,56
3099,after,5
3100,after,31
3101,after,1
3102,after,7
3103,after,1
3104,after,7
3105,after,2
3106,after,7
3107,after,16
3108,after,7
3109,after,0
3110,after,5
3111,after,3
3112,after,1
3113,after,1
3114,after,6
3115,after,6
3116,after,6
3117,after,7
3118,after,62
3119,after,0
3120,after,1
3121,after,32
3122,after,10
3123,after,5
3124,after,5
3125,after,54
3126,after,3
3127,after,6
3128,after,9
3129,after,8
3130,after,37
3131,after,55
3132,after,47
3133,after,8
3134,after,15
3135,after,13
3136,after,10
3137,after,7
3138,after,47
3139,after,12
3140,after,42
3141,after,10
3142,after,11
3143,after,10
3144,after,12
3145,after,8
3146,after,9
3147,after,12
3148,after,61
3149,after,15
3150,after,32
3151,after,15
3152,after,9
3153,after,13
3154,after,13
3155,after,11
3156,after,27
3157,after,11
3158,after,14
3159,after,12
3160,after,12
3161,after,14
3162,after,12
3163,after,14
3164,after,12
3165,after,8
3166,after,12
3167,after,8
3168,after,12
3169,after,10
3170,after,10
3171,after,10
3172,after,12
3173,after,10
3174,after,8
3175,after,12
3176,after,14
3177,after,15
3178,after,13
3179,after,12
3180,after,9
3181,after,12
3182,after,8
3183,after,35
3184,after,11
3185,after,8
3186,after,8
3187,after,13
3188,after,10
3189,after,9
3190,after,9
3191,after,13
3192,after,12
3193,after,10
3194,after,12
3195,after,13
3196,after,11
3197,after,0
3198,after,63
3199,after,15
3200,after,13
3201,after,24
3202,after,11
3203,after,14
3204,after,14
3205,after,15
3206,after,11
3207,after,9
3208,after,15
3209,after,10
3210,after,8
3211,after,9
3212,after,11
3213,after,9
3214,after,15
3215,after,15
3216,after,17
3217,after,9
3218,after,15
3219,after,10
3220,after,56
3221,after,35
3222,after,11
3223,after,46
3224,after,15
3225,after,13
3226,after,11
3227,after,13
3228,after,15
3229,after,8
3230,after,13
3231,after,11
3232,after,12
3233,after,15
3234,after,22
3235,after,10
3236,after,8
3237,after,59
3238,after,14
3239,after,11
3240,after,17
3241,after,11
3242,after,25
3243,after,10
3244,after,60
3245,after,11
3246,after,12
3247,after,9
3248,after,12
3249,after,12
3250,after,15
3251,after,27
3252,after,14
3253,after,10
3254,after,10
3255,after,8
3256,after,18
3257,after,42
3258,after,17
3259,after,16
3260,after,17
3261,after,16
3262,after,51
3263,after,20
3264,after,20
3265,after,21
3266,after,17
3267,after,20
3268,after,23
3269,after,21
3270,after,16
3271,after,18
3272,after,19
3273,after,16
3274,after,22
3275,after,23
3276,after,17
3277,after,20
3278,after,8
3279,after,23
3280,after,22
3281,after,18
3282,after,16
3283,after,22
3284,after,20
3285,after,18
3286,after,16
3287,after,20
3288,after,22
3289,after,18
3290,after,23
3291,after,19
3292,after,19
3293,after,23
3294,after,22
3295,after,19
3296,after,19
3297,after,22
3298,after,17
3299,after,22
3300,after,16
3301,after,19
3302,after,17
3303,after,23
3304,after,23
3305,after,23
3306,after,16
3307,after,48
3308,after,22
3309,after,22
3310,after,18
3311,after,21
3312,after,53
3313,after,20
3314,after,22
3315,after,21
3316,after,21
3317,after,17
3318,after,21
3319,after,22
3320,after,20
3321,after,16
3322,after,16
3323,after,19
3324,after,16
3325,after,16
3326,after,43
3327,after,20
3328,after,17
3329,after,23
3330,after,22
3331,after,19
3332,after,22
3333,after,20
3334,after,22
3335,after,19
3336,after,21
3337,after,23
3338,after,16
3339,after,49
3340,after,58
3341,after,18
3342,after,23
3343,after,17
3344,after,16
3345,after,20
3346,after,23
3347,after,19
3348,after,16
3349,after,16
3350,after,19
3351,after,23
3352,after,16
3353,after,7
3354,after,17
3355,after,18
3356,after,16
3357,after,21
3358,after,27
3359,after,20
3360,after,17
3361,after,36
3362,after,21
3363,after,36
3364,after,23
3365,after,20
3366,after,17
3367,after,13
3368,after,7
3369,after,32
3370,after,19
3371,after,22
3372,after,36
3373,after,21
3374,after,19
3375,after,23
3376,after,17
3377,after,23
3378,after,20
3379,after,19
3380,after,20
3381,after,22
3382,after,21
3383,after,46
3384,after,24
3385,after,29
3386,after,22
3387,after,29
3388,after,37
3389,after,19
3390,after,55
3391,after,30
3392,after,30
3393,after,9
3394,after,27
3395,after,26
3396,after,27
3397,after,31
3398,after,26
3399,after,29
3400,after,29
3401,after,29
3402,after,29
3403,after,26
3404,after,31
3405,after,27
3406,after,30
3407,after,29
3408,after,27
3409,after,30
3410,after,24
3411,after,25
3412,after,26
3413,after,28
3414,after,25
3415,after,29
3416,after,26
3417,after,29
3418,after,28
3419,after,24
3420,after,29
3421,after,29
3422,after,29
3423,after,29
3424,after,28
3425,after,5
3426,after,15
3427,after,27
3428,after,3
3429,after,28
3430,after,24
3431,after,28
3432,after,34
3433,after,26
3434,after,27
3435,after,25
3436,after,27
3437,after,17
3438,after,25
3439,after,28
3440,after,26
3441,after,25
3442,after,6
3443,after,28
3444,after,36
3445,after,24
3446,after,24
3447,after,7
3448,after,24
3449,after,24
3450,after,29
3451,after,30
3452,after,30
3453,after,21
3454,after,24
3455,after,24
3456,after,28
3457,after,14
3458,after,31
3459,after,28
3460,after,29
3461,after,27
3462,after,28
3463,after,28
3464,after,8
3465,after,31
3466,after,27
3467,after,24
3468,after,28
3469,after,31
3470,after,25
3471,after,24
3472,after,29
3473,after,28
3474,after,28
3475,after,29
3476,after,24
3477,after,0
3478,after,26
3479,after,60
3480,after,4
3481,after,25
3482,after,27
3483,after,26
3484,after,49
3485,after,61
3486,after,24
3487,after,43
3488,after,29
3489,after,24
3490,after,28
3491,after,24
3492,after,53
3493,after,9
3494,after,28
3495,after,26
3496,after,27
3497,after,25
3498,after,30
3499,after,29
3500,after,29
3501,after,30
3502,after,30
3503,after,31
3504,after,25
3505,after,11
3506,after,31
3507,after,31
3508,after,17
3509,after,31
3510,after,28
3511,after,14
3512,after,32
3513,after,32
3514,after,53
3515,after,25
3516,after,35
3517,after,13
3518,after,39
3519,after,39
3520,after,36
3521,after,34
3522,after,36
3523,after,37
3524,after,32
3525,after,34
3526,after,54
3527,after,37
3528,after,39
3529,after,37
3530,after,32
3531,after,33
3532,after,7
3533,after,32
3534,after,30
3535,after,35
3536,after,34
3537,after,2
3538,after,39
3539,after,33
3540,after,38
3541,after,36
3542,after,39
3543,after,37
3544,after,37
3545,after,33
3546,after,2
3547,after,37
3548,after,39
3549,after,35
3550,after,34
3551,after,37
3552,after,36
3553,after,38
3554,after,38
3555,after,35
3556,after,33
3557,after,35
3558,after,31
3559,after,32
3560,after,38
3561,after,32
3562,after,32
3563,after,33
3564,after,32
3565,after,38
3566,after,33
3567,after,38
3568,after,5
3569,after,11
3570,after,33
3571,after,36
3572,after,9
3573,after,36
3574,after,35
3575,after,33
3576,after,44
3577,after,38
3578,after,34
3579,after,32
3580,after,38
3581,after,35
3582,after,37
3583,after,60
3584,after,37
3585,after,33
3586,after,20
3587,after,38
3588,after,34
3589,after,44
3590,after,39
3591,after,38
3592,after,32
3593,after,38
3594,after,33
3595,after,38
3596,after,22
3597,after,36
3598,after,34
3599,after,39
3600,after,34
3601,after,35
3602,after,37
3603,after,41
3604,after,32
3605,after,8
3606,after,36
3607,after,38
3608,after,32
3609,after,13
3610,after,35
3611,after,46
3612,after,58
3613,after,39
3614,after,35
3615,after,32
3616,after,34
3617,after,32
3618,after,33
3619,after,42
3620,after,56
3621,after,35
3622,after,37
3623,after,53
3624,after,30
3625,after,36
3626,after,39
3627,after,34
3628,after,35
3629,after,49
3630,after,37
3631,after,39
3632,after,26
3633,after,33
3634,after,35
3635,after,38
3636,after,38
3637,after,39
3638,after,38
3639,after,37
3640,after,43
3641,after,47
3642,after,45
3643,after,47
3644,after,45
3645,after,46
3646,after,42
3647,after,23
3648,after,46
3649,after,51
3650,after,41
3651,after,56
3652,after,22
3653,after,42
3654,after,20
3655,after,44
3656,after,40
3657,after,47
3658,after,42
3659,after,46
3660,after,58
3661,after,6
3662,after,46
3663,after,15
3664,after,40
3665,after,46
3666,after,43
3667,after,42
3668,after,40
3669,after,43
3670,after,40
3671,after,40
3672,after,42
3673,after,41
3674,after,47
3675,after,42
3676,after,43
3677,after,43
3678,after,41
3679,after,45
3680,after,43
3681,after,42
3682,after,43
3683,after,43
3684,after,41
3685,after,40
3686,after,46
3687,after,40
3688,after,43
3689,after,40
3690,after,45
3691,after,44
3692,after,35
3693,after,44
3694,after,46
3695,after,47
3696,after,45
3697,after,40
3698,after,44
3699,after,40
3700,after,41
3701,after,40
3702,after,44
3703,after,40
3704,after,44
3705,after,43
3706,after,44
3707,after,46
3708,after,43
3709,after,42
3710,after,46
3711,after,57
3712,after,37
3713,after,45
3714,after,42
3715,after,20
3716,after,47
3717,after,46
3718,after,46
3719,after,40
3720,after,44
3721,after,42
3722,after,22
3723,after,46
3724,after,45
3725,after,40
3726,after,40
3727,after,46
3728,after,41
3729,after,40
3730,after,44
3731,after,60
3732,after,43
3733,after,26
3734,after,42
3735,after,46
3736,after,47
3737,after,42
3738,after,45
3739,after,43
3740,after,45
3741,after,40
3742,after,45
3743,after,43
3744,after,46
3745,after,41
3746,after,11
3747,after,44
3748,after,19
3749,after,42
3750,after,47
3751,after,47
3752,after,47
3753,after,40
3754,after,46
3755,after,47
3756,after,45
3757,after,47
3758,after,45
3759,after,45
3760,after,43
3761,after,45
3762,after,46
3763,after,44
3764,after,42
3765,after,43
3766,after,43
3767,after,27
3768,after,49
3769,after,49
3770,after,40
3771,after,54
3772,after,8
3773,after,16
3774,after,54
3775,after,31
3776,after,48
3777,after,52
3778,after,50
3779,after,50
3780,after,55
3781,after,48
3782,after,50
3783,after,54
3784,after,60
3785,after,51
3786,after,26
3787,after,52
3788,after,55
3789,after,52
3790,after,25
3791,after,52
3792,after,13
3793,after,48
3794,after,51
3795,after,50
3796,after,49
3797,after,51
3798,after,51
3799,after,34
3800,after,50
3801,after,55
3802,after,54
3803,after,53
3804,after,52
3805,after,48
3806,after,50
3807,after,55
3808,after,49
3809,after,53
3810,after,49
3811,after,51
3812,after,34
3813,after,54
3814,after,16
3815,after,54
3816,after,52
3817,after,49
3818,after,50
3819,after,48
3820,after,51
3821,after,54
3822,after,48
3823,after,49
3824,after,54
3825,after,50
3826,after,48
3827,after,39
3828,after,51
3829,after,38
3830,after,50
3831,after,48
3832,after,54
3833,after,58
3834,after,50
3835,after,49
3836,after,50
3837,after,48
3838,after,52
3839,after,37
3840,after,49
3841,after,48
3842,after,59
3843,after,53
3844,after,4
3845,after,50
3846,after,50
3847,after,49
3848,after,49
3849,after,51
3850,after,49
3851,after,33
3852,after,51
3853,after,50
3854,after,50
3855,after,48
3856,after,12
3857,after,49
3858,after,51
3859,after,55
3860,after,55
3861,after,53
3862,after,50
3863,after,53
3864,after,54
3865,after,50
3866,after,49
3867,after,55
3868,after,52
3869,after,48
3870,after,13
3871,after,52
3872,after,48
3873,after,54
3874,after,28
3875,after,48
3876,after,58
3877,after,54
3878,after,53
3879,after,49
3880,after,49
3881,after,49
3882,after,52
3883,after,55
3884,after,52
3885,after,52
3886,after,50
3887,after,54
3888,after,54
3889,after,49
3890,after,55
3891,after,52
3892,after,50
3893,after,52
3894,after,55
3895,after,48
3896,after,58
3897,after,56
3898,after,40
3899,after,59
3900,after,60
3901,after,58
3902,after,59
3903,after,62
3904,after,56
3905,after,61
3906,after,59
3907,after,60
3908,after,62
3909,after,58
3910,after,53
3911,after,57
3912,after,58
3913,after,63
3914,after,58
3915,after,62
3916,after,63
3917,after,58
3918,after,57
3919,after,63
3920,after,63
3921,after,61
3922,after,62
3923,after,15
3924,after,59
3925,after,62
3926,after,57
3927,after,57
3928,after,63
3929,after,58
3930,after,63
3931,after,62
3932,after,61
3933,after,43
3934,after,59
3935,after,59
3936,after,57
3937,after,49
3938,after,61
3939,after,62
3940,after,34
3941,after,58
3942,after,18
3943,after,59
3944,after,23
3945,after,59
3946,after,63
3947,after,25
3948,after,58
3949,after,6
3950,after,56
3951,after,61
3952,after,62
3953,after,61
3954,after,63
3955,after,57
3956,after,21
3957,after,63
3958,after,14
3959,after,63
3960,after,58
3961,after,57
3962,after,54
3963,after,59
3964,after,57
3965,after,57
3966,after,59
3967,after,58
3968,after,59
3969,after,60
3970,after,59
3971,after,61
3972,after,6
3973,after,57
3974,after,56
3975,after,62
3976,after,63
3977,after,58
3978,after,58
3979,after,60
3980,after,62
3981,after,58
3982,after,57
3983,after,59
3984,after,57
3985,after,59
3986,after,62
3987,after,63
3988,after,59
3989,after,44
3990,after,58
3991,after,57
3992,after,62
3993,after,57
3994,after,57
3995,after,60
3996,after,56
3997,after,62
3998,after,63
3999,after,55
4000,after,61
4001,after,63
4002,after,57
4003,after,36
4004,after,57
4005,after,56
4006,after,35
4007,after,58
4008,after,61
4009,after,56
4010,after,60
4011,after,60
4012,after,61
4013,after,59
4014,after,60
4015,after,55
4016,after,58
4017,after,25
4018,after,61
4019,after,57
4020,after,58
4021,after,56
4022,after,58
4023,after,61
4024,after,37
4025,after,3
4026,after,2
4027,after,5
4028,after,14
4029,after,5
4030,after,45
4031,after,1
4032,after,3
4033,after,7
4034,after,1
4035,after,4
4036,after,1
4037,after,33
4038,after,36
4039,after,2
4040,after,21
4041,after,2
4042,after,39
4043,after,2
4044,after,4
4045,after,3
4046,after,38
4047,after,5
4048,after,1
4049,after,4
4050,after,0
4051,after,0
4052,after,5
4053,after,5
4054,after,11
4055,after,6
4056,after,6
4057,after,1
4058,after,2
4059,after,2
4060,after,5
4061,after,0
4062,after,5
4063,after,3
4064,after,5
4065,after,7
4066,after,1
4067,after,3
4068,after,10
4069,after,26
4070,after,3
4071,after,55
4072,after,7
4073,after,4
4074,after,4
4075,after,1
4076,after,6
4077,after,31
4078,after,1
4079,after,7
4080,after,61
4081,after,3
4082,after,7
4083,after,6
4084,after,52
4085,after,1
4086,after,2
4087,after,0
4088,after,0
4089,after,4
4090,after,14
4091,after,6
4092,after,7
4093,after,6
4094,after,1
4095,after,63
4096,after,2
4097,after,2
4098,after,6
4099,after,7
4100,after,3
4101,after,0
4102,after,7
4103,after,3
4104,after,61
4105,after,24
4106,after,4
4107,after,43
4108,after,0
4109,after,35
4110,after,0
4111,after,6
4112,after,6
4113,after,7
4114,after,1
4115,after,4
4116,after,4
4117,after,7
4118,after,3
4119,after,0
4120,after,3
4121,after,5
4122,after,6
4123,after,19
4124,after,0
4125,after,0
4126,after,5
4127,after,5
4128,after,7
4129,after,5
4130,after,5
4131,after,5
4132,after,11
4133,after,5
4134,after,1
4135,after,2
4136,after,4
4137,after,7
4138,after,6
4139,after,7
4140,after,4
4141,after,41
4142,after,2
4143,after,7
4144,after,0
4145,after,13
4146,after,10
4147,after,2
4148,after,4
4149,after,0
4150,after,0
4151,after,5
4152,after,11
4153,after,10
4154,after,15
4155,after,14
4156,after,12
4157,after,11
4158,after,10
4159,after,11
4160,after,11
4161,after,11
4162,after,13
4163,after,11
4164,after,8
4165,after,11
4166,after,10
4167,after,10
4168,after,11
4169,after,10
4170,after,13
4171,after,12
4172,after,9
4173,after,15
4174,after,59
4175,after,46
4176,after,13
4177,after,14
4178,after,9
4179,after,11
4180,after,13
4181,after,31
4182,after,21
4183,after,15
4184,after,11
4185,after,13
4186,after,9
4187,after,9
4188,after,9
4189,after,10
4190,after,9
4191,after,11
4192,after,10
4193,after,10
4194,after,59
4195,after,55
4196,after,13
4197,after,13
4198,after,12
4199,after,9
4200,after,8
4201,after,8
4202,after,14
4203,after,28
4204,after,14
4205,after,9
4206,after,2
4207,after,23
4208,after,15
4209,after,11
4210,after,8
4211,after,12
4212,after,57
4213,after,9
4214,after,1
4215,after,11
4216,after,8
4217,after,10
4218,after,14
4219,after,14
4220,after,13
4221,after,10
4222,after,13
4223,after,0
4224,after,13
4225,after,14
4226,after,12
4227,after,15
4228,after,12
4229,after,15
4230,after,13
4231,after,13
4232,after,10
4233,after,11
4234,after,11
4235,after,33
4236,after,12
4237,after,11
4238,after,9
4239,after,15
4240,after,13
4241,after,53
4242,after,15
4243,after,12
4244,after,11
4245,after,11
4246,after,30
4247,after,9
4248,after,13
4249,after,14
4250,after,15
4251,after,15
4252,after,8
4253,after,8
4254,after,15
4255,after,12
4256,after,13
4257,after,11
4258,after,24
4259,after,10
4260,after,11
4261,after,13
4262,after,9
4263,after,31
4264,after,10
4265,after,8
4266,after,14
4267,after,13
4268,after,13
4269,after,12
4270,after,14
4271,after,17
4272,after,51
4273,after,54
4274,after,14
4275,after,11
4276,after,10
4277,after,33
4278,after,15
4279,after,14
4280,after,18
4281,after,18
4282,after,16
4283,after,17
4284,after,23
4285,after,29
4286,after,23
4287,after,22
4288,after,21
4289,after,16
4290,after,27
4291,after,20
4292,after,21
4293,after,19
4294,after,19
4295,after,23
4296,after,18
4297,after,16
4298,after,21
4299,after,22
4300,after,17
4301,after,20
4302,after,21
4303,after,22
4304,after,50
4305,after,23
4306,after,20
4307,after,19
4308,after,22
4309,after,23
4310,after,24
4311,after,19
4312,after,18
4313,after,17
4314,after,17
4315,after,22
4316,after,23
4317,after,22
4318,after,21
4319,after,20
4320,after,2
4321,after,20
4322,after,22
4323,after,16
4324,after,20
4325,after,22
4326,after,39
4327,after,16
4328,after,20
4329,after,20
4330,after,18
4331,after,18
4332,after,17
4333,after,6
4334,after,58
4335,after,54
4336,after,22
4337,after,16
4338,after,18
4339,after,1
4340,after,19
4341,after,22
4342,after,3
4343,after,17
4344,after,23
4345,after,49
4346,after,17
4347,after,17
4348,after,23
4349,after,23
4350,after,22
4351,after,23
4352,after,51
4353,after,22
4354,after,19
4355,after,16
4356,after,35
4357,after,20
4358,after,19
4359,after,23
4360,after,17
4361,after,23
4362,after,19
4363,after,21
4364,after,16
4365,after,22
4366,after,21
4367,after,20
4368,after,22
4369,after,23
4370,after,21
4371,after,20
4372,after,53
4373,after,38
4374,after,23
4375,after,18
4376,after,17
4377,after,56
4378,after,20
4379,after,21
4380,after,19
4381,after,16
4382,after,16
4383,after,22
4384,after,48
4385,after,30
4386,after,23
4387,after,21
4388,after,16
4389,after,16
4390,after,20
4391,after,8
4392,after,27
4393,after,19
4394,after,21
4395,after,19
4396,after,9
4397,after,21
4398,after,19
4399,after,19
4400,after,16
4401,after,23
4402,after,22
4403,after,23
4404,after,17
4405,after,39
4406,after,22
4407,after,20
4408,after,29
4409,after,28
4410,after,28
4411,after,29
4412,after,29
4413,after,36
4414,after,31
4415,after,41
4416,after,30
4417,after,26
4418,after,26
4419,after,29
4420,after,15
4421,after,24
4422,after,24
4423,after,24
4424,after,17
4425,after,28
4426,after,28
4427,after,42
4428,after,27
4429,after,25
4430,after,26
4431,after,9
4432,after,30
4433,after,25
4434,after,24
4435,after,30
4436,after,25
4437,after,52
4438,after,29
4439,after,24
4440,after,25
4441,after,27
4442,after,31
4443,after,24
4444,after,28
4445,after,30
4446,after,27
4447,after,26
4448,after,29
4449,after,30
4450,after,24
4451,after,9
4452,after,28
4453,after,27
4454,after,25
4455,after,12
4456,after,61
4457,after,25
4458,after,27
4459,after,25
4460,after,26
4461,after,31
4462,after,24
4463,after,37
4464,after,30
4465,after,31
4466,after,4
4467,after,31
4468,after,32
4469,after,30
4470,after,27
4471,after,26
4472,after,30
4473,after,26
4474,after,31
4475,after,19
4476,after,30
4477,after,26
4478,after,26
4479,after,31
4480,after,30
4481,after,25
4482,after,31
4483,after,27
4484,after,26
4485,after,54
4486,after,29
4487,after,31
4488,after,9
4489,after,25
4490,after,28
4491,after,30
4492,after,24
4493,after,13
4494,after,27
4495,after,31
4496,after,63
4497,after,27
4498,after,29
4499,after,29
4500,after,30
4501,after,25
4502,after,28
4503,after,29
4504,after,24
4505,after,29
4506,after,24
4507,after,31
4508,after,31
4509,after,31
4510,after,30
4511,after,28
4512,after,28
4513,after,29
4514,after,29
4515,after,31
4516,after,28
4517,after,29
4518,after,30
4519,after,24
4520,after,30
4521,after,27
4522,after,29
4523,after,29
4524,after,23
4525,after,32
4526,after,24
4527,after,31
4528,after,28
4529,after,24
4530,after,23
4531,after,30
4532,after,24
4533,after,30
4534,after,30
4535,after,36
4536,after,35
4537,after,59
4538,after,51
4539,after,37
4540,after,39
4541,after,36
4542,after,36
4543,after,32
4544,after,33
4545,after,37
4546,after,37
4547,after,52
4548,after,36
4549,after,36
4550,after,32
4551,after,38
4552,after,33
4553,after,39
4554,after,35
4555,after,39
4556,after,36
4557,after,33
4558,after,33
4559,after,35
4560,after,39
4561,after,37
4562,after,34
4563,after,39
4564,after,38
4565,after,35
4566,after,38
4567,after,35
4568,after,37
4569,after,32
4570,after,25
4571,after,33
4572,after,32
4573,after,37
4574,after,49
4575,after,34
4576,after,53
4577,after,34
4578,after,32
4579,after,39
4580,after,36
4581,after,34
4582,after,32
4583,after,36
4584,after,36
4585,after,37
4586,after,36
4587,after,33
4588,after,32
4589,after,37
4590,after,36
4591,after,33
4592,after,2
4593,after,36
4594,after,37
4595,after,36
4596,after,38
4597,after,27
4598,after,34
4599,after,34
4600,after,38
4601,after,37
4602,after,32
4603,after,33
4604,after,36
4605,after,36
4606,after,37
4607,after,33
4608,after,38
4609,after,34
4610,after,38
4611,after,59
4612,after,19
4613,after,38
4614,after,33
4615,after,32
4616,after,37
4617,after,36
4618,after,61
4619,after,39
4620,after,34
4621,after,12
4622,after,32
4623,after,32
4624,after,33
4625,after,37
4626,after,33
4627,after,35
4628,after,34
4629,after,32
4630,after,36
4631,after,39
4632,after,25
4633,after,2
4634,after,36
4635,after,38
4636,after,38
4637,after,36
4638,after,34
4639,after,22
4640,after,39
4641,after,38
4642,after,32
4643,after,34
4644,after,34
4645,after,36
4646,after,38
4647,after,10
4648,after,37
4649,after,60
4650,after,35
4651,after,31
4652,after,38
4653,after,4
4654,after,23
4655,after,32
4656,after,39
4657,after,50
4658,after,38
4659,after,35
4660,after,32
4661,after,36
4662,after,36
4663,after,38
4664,after,47
4665,after,23
4666,after,40
4667,after,17
4668,after,41
4669,after,41
4670,after,45
4671,after,41
4672,after,47
4673,after,41
4674,after,45
4675,after,45
4676,after,47
4677,after,41
4678,after,41
4679,after,43
4680,after,46
4681,after,42
4682,after,42
4683,after,58
4684,after,43
4685,after,46
4686,after,17
4687,after,43
4688,after,43
4689,after,45
4690,after,42
4691,after,45
4692,after,43
4693,after,41
4694,after,43
4695,after,45
4696,after,43
4697,after,41
4698,after,44
4699,after,42
4700,after,46
4701,after,44
4702,after,47
4703,after,58
4704,after,42
4705,after,42
4706,after,40
4707,after,15
4708,after,42
4709,after,41
4710,after,27
4711,after,42
4712,after,43
4713,after,45
4714,after,41
4715,after,41
4716,after,47
4717,after,49
4718,after,44
4719,after,43
4720,after,40
4721,after,41
4722,after,45
4723,after,55
4724,after,47
4725,after,42
4726,after,14
4727,after,41
4728,after,46
4729,after,41
4730,after,43
4731,after,47
4732,after,37
4733,after,62
4734,after,42
4735,after,40
4736,after,42
4737,after,44
4738,after,57
4739,after,16
4740,after,46
4741,after,45
4742,after,40
4743,after,44
4744,after,40
4745,after,45
4746,after,46
4747,after,40
4748,after,41
4749,after,45
4750,after,40
4751,after,45
4752,after,59
4753,after,43
4754,after,7
4755,after,47
4756,after,42
4757,after,44
4758,after,45
4759,after,45
4760,after,46
4761,after,42
4762,after,42
4763,after,46
4764,after,42
4765,after,30
4766,after,46
4767,after,47
4768,after,49
4769,after,40
4770,after,47
4771,after,40
4772,after,45
4773,after,45
4774,after,46
4775,after,42
4776,after,41
4777,after,46
4778,after,44
4779,after,45
4780,after,42
4781,after,40
4782,after,25
4783,after,42
4784,after,44
4785,after,41
4786,after,4
4787,after,42
4788,after,23
4789,after,44
4790,after,35
4791,after,45
4792,after,48
4793,after,51
4794,after,50
4795,after,38
4796,after,50
4797,after,22
4798,after,16
4799,after,55
4800,after,52
4801,after,49
4802,after,55
4803,after,49
4804,after,33
4805,after,51
4806,after,48
4807,after,39
4808,after,54
4809,after,53
4810,after,54
4811,after,55
4812,after,49
4813,after,51
4814,after,54
4815,after,54
4816,after,32
4817,after,49
4818,after,52
4819,after,49
4820,after,55
4821,after,53
4822,after,53
4823,after,52
4824,after,54
4825,after,2
4826,after,53
4827,after,52
4828,after,50
4829,after,48
4830,after,49
4831,after,50
4832,after,50
4833,after,52
4834,after,55
4835,after,48
4836,after,39
4837,after,55
4838,after,53
4839,after,39
4840,after,50
4841,after,48
4842,after,48
4843,after,4
4844,after,54
4845,after,48
4846,after,22
4847,after,52
4848,after,20
4849,after,44
4850,after,51
4851,after,37
4852,after,48
4853,after,49
4854,after,53
4855,after,40
4856,after,53
4857,after,54
4858,after,50
4859,after,54
4860,after,50
4861,after,48
4862,after,53
4863,after,48
4864,after,50
4865,after,20
4866,after,52
4867,after,43
4868,after,17
4869,after,39
4870,after,14
4871,after,2
4872,after,49
4873,after,53
4874,after,49
4875,after,55
4876,after,49
4877,after,6
4878,after,10
4879,after,48
4880,after,55
4881,after,48
4882,after,49
4883,after,52
4884,after,49
4885,after,50
4886,after,51
4887,after,51
4888,after,49
4889,after,52
4890,after,51
4891,after,51
4892,after,50
4893,after,48
4894,after,51
4895,after,52
4896,after,48
4897,after,62
4898,after,48
4899,after,50
4900,after,53
4901,after,51
4902,after,53
4903,after,52
4904,after,15
4905,after,50
4906,after,51
4907,after,50
4908,after,55
4909,after,51
4910,after,50
4911,after,53
4912,after,54
4913,after,29
4914,after,53
4915,after,55
4916,after,50
4917,after,30
4918,after,48
4919,after,45
4920,after,60
4921,after,55
4922,after,62
4923,after,60
4924,after,56
4925,after,62
4926,after,60
4927,after,56
4928,after,63
4929,after,60
4930,after,26
4931,after,58
4932,after,11
4933,after,62
4934,after,61
4935,after,61
4936,after,59
4937,after,58
4938,after,57
4939,after,60
4940,after,61
4941,after,63
4942,after,61
4943,after,57
4944,after,58
4945,after,62
4946,after,63
4947,after,54
4948,after,62
4949,after,57
4950,after,60
4951,after,56
4952,after,59
4953,after,24
4954,after,63
4955,after,6
4956,after,63
4957,after,62
4958,after,60
4959,after,63
4960,after,58
4961,after,56
4962,after,57
4963,after,45
4964,after,49
4965,after,63
4966,after,61
4967,after,62
4968,after,56
4969,after,32
4970,after,58
4971,after,58
4972,after,59
4973,after,61
4974,after,62
4975,after,58
4976,after,62
4977,after,62
4978,after,45
4979,after,57
4980,after,56
4981,after,63
4982,after,57
4983,after,60
4984,after,58
4985,after,63
4986,after,59
4987,after,62
4988,after,60
4989,after,63
4990,after,60
4991,after,61
4992,after,9
4993,after,62
4994,after,59
4995,after,59
4996,after,57
4997,after,62
4998,after,59
4999,after,62
5000,after,60
5001,after,53
5002,after,15
5003,after,63
5004,after,62
5005,after,2
5006,after,62
5007,after,45
5008,after,57
5009,after,59
5010,after,63
5011,after,62
5012,after,61
5013,after,16
5014,after,38
5015,after,41
5016,after,56
5017,after,58
5018,after,62
5019,after,25
5020,after,62
5021,after,27
5022,after,59
5023,after,60
5024,after,34
5025,after,29
5026,after,61
5027,after,59
5028,after,62
5029,after,60
5030,after,57
5031,after,63
5032,after,59
5033,after,63
5034,after,28
5035,after,31
5036,after,60
5037,after,17
5038,after,57
5039,after,63
5040,after,5
5041,after,59
5042,after,55
5043,after,62
5044,after,58
5045,after,26
5046,after,50
5047,after,15
5048,after,59
5049,after,3
5050,after,7
5051,after,6
5052,after,23
5053,after,5
5054,after,0
5055,after,0
5056,after,4
5057,after,4
5058,after,6
5059,after,5
5060,after,5
5061,after,4
5062,after,6
5063,after,3
5064,after,5
5065,after,19
5066,after,2
5067,after,5
5068,after,15
5069,after,6
5070,after,60
5071,after,3
5072,after,3
5073,after,33
5074,after,2
5075,after,5
5076,after,0
5077,after,0
5078,after,3
5079,after,2
5080,after,4
5081,after,4
5082,after,7
5083,after,3
5084,after,8
5085,after,3
5086,after,7
5087,after,5
5088,after,27
5089,after,0
5090,after,7
5091,after,1
5092,after,3
5093,after,6
5094,after,61
5095,after,3
5096,after,2
5097,after,4
5098,after,8
5099,after,1
5100,after,6
5101,after,5
5102,after,0
5103,after,21
5104,after,5
5105,after,2
5106,after,4
5107,after,5
5108,after,5
5109,after,1
5110,after,46
5111,after,6
5112,after,4
5113,after,1
5114,after,3
5115,after,5
5116,after,7
5117,after,1
5118,after,61
5119,after,5
5120,after,6
5121,after,4
5122,after,0
5123,after,3
5124,after,39
5125,after,5
5126,after,10
5127,after,3
5128,after,1
5129,after,7
5130,after,7
5131,after,6
5132,after,1
5133,after,1
5134,after,4
5135,after,3
5136,after,26
5137,after,7
5138,after,2
5139,after,8
5140,after,7
5141,after,6
5142,after,0
5143,after,1
5144,after,7
5145,after,2
5146,after,3
5147,after,5
5148,after,2
5149,after,7
5150,after,48
5151,after,17
5152,after,1
5153,after,6
5154,after,4
5155,after,4
5156,after,6
5157,after,3
5158,after,2
5159,after,50
5160,after,7
5161,after,0
5162,after,41
5163,after,23
5164,after,1
5165,after,3
5166,after,7
5167,after,3
5168,after,13
5169,after,1
5170,after,6
5171,after,61
5172,after,28
5173,after,7
5174,after,1
5175,after,4
5176,after,12
5177,after,11
5178,after,13
5179,after,10
5180,after,8
5181,after,11
5182,after,15
5183,after,10
5184,after,8
5185,after,14
5186,after,38
5187,after,8
5188,after,9
5189,after,11
5190,after,9
5191,after,11
5192,after,1
5193,after,9
5194,after,12
5195,after,12
5196,after,12
5197,after,14
5198,after,13
5199,after,12
5200,after,11
5201,after,8
5202,after,11
5203,after,14
5204,after,10
5205,after,15
5206,after,15
5207,after,9
5208,after,8
5209,after,59
5210,after,14
5211,after,52
5212,after,14
5213,after,27
5214,after,13
5215,after,11
5216,after,9
5217,after,15
5218,after,28
5219,after,10
5220,after,9
5221,after,10
5222,after,8
5223,after,15
5224,after,11
5225,after,14
5226,after,8
5227,after,15
5228,after,9
5229,after,10
5230,after,47
5231,after,13
5232,after,43
5233,after,1
5234,after,8
5235,after,13
5236,after,11
5237,after,9
5238,after,12
5239,after,14
5240,after,14
5241,after,13
5242,after,5
5243,after,20
5244,after,20
5245,after,9
5246,after,12
5247,after,15
5248,after,10
5249,after,15
5250,after,15
5251,after,14
5252,after,9
5253,after,14
5254,after,38
5255,after,15
5256,after,8
5257,after,8
5258,after,8
5259,after,15
5260,after,13
5261,after,12
5262,after,12
5263,after,15
5264,after,45
5265,after,50
5266,after,12
5267,after,15
5268,after,13
5269,after,13
5270,after,11
5271,after,53
5272,after,13
5273,after,14
5274,after,12
5275,after,10
5276,after,13
5277,after,9
5278,after,15
5279,after,13
5280,after,58
5281,after,11
5282,after,11
5283,after,8
5284,after,12
5285,after,26
5286,after,13
5287,after,11
5288,after,61
5289,after,13
5290,after,11
5291,after,18
5292,after,14
5293,after,11
5294,after,14
5295,after,13
5296,after,9
5297,after,11
5298,after,10
5299,after,14
5300,after,10
5301,after,10
5302,after,63
5303,after,14
5304,after,18
5305,after,17
5306,after,17
5307,after,17
5308,after,35
5309,after,20
5310,after,20
5311,after,23
5312,after,23
5313,after,14
5314,after,19
5315,after,21
5316,after,22
5317,after,19
5318,after,17
5319,after,18
5320,after,22
5321,after,21
5322,after,20
5323,after,21
5324,after,56
5325,after,19
5326,after,20
5327,after,18
5328,after,23
5329,after,12
5330,after,4
5331,after,17
5332,after,23
5333,after,42
5334,after,23
5335,after,21
5336,after,22
5337,after,17
5338,after,26
5339,after,43
5340,after,23
5341,after,23
5342,after,20
5343,after,20
5344,after,19
5345,after,22
5346,after,45
5347,after,18
5348,after,20
5349,after,20
5350,after,20
5351,after,22
5352,after,16
5353,after,19
5354,after,23
5355,after,19
5356,after,23
5357,after,23
5358,after,23
5359,after,22
5360,after,22
5361,after,22
5362,after,48
5363,after,20
5364,after,19
5365,after,17
5366,after,56
5367,after,28
5368,after,19
5369,after,21
5370,after,20
5371,after,22
5372,after,55
5373,after,18
5374,after,16
5375,after,16
5376,after,23
5377,after,16
5378,after,21
5379,after,20
5380,after,17
5381,after,20
5382,after,19
5383,after,17
5384,after,49
5385,after,22
5386,after,20
5387,after,17
5388,after,36
5389,after,16
5390,after,19
5391,after,21
5392,after,21
5393,after,18
5394,after,23
5395,after,6
5396,after,20
5397,after,40
5398,after,23
5399,after,12
5400,after,18
5401,after,38
5402,after,18
5403,after,19
5404,after,15
5405,after,19
5406,after,42
5407,after,18
5408,after,50
5409,after,22
5410,after,17
5411,after,22
5412,after,18
5413,after,20
5414,after,16
5415,after,16
5416,after,16
5417,after,18
5418,after,16
5419,after,0
5420,after,16
5421,after,22
5422,after,17
5423,after,12
5424,after,22
5425,after,19
5426,after,28
5427,after,4
5428,after,23
5429,after,18
5430,after,16
5431,after,23
5432,after,24
5433,after,52
5434,after,30
5435,after,24
5436,after,54
5437,after,24
5438,after,25
5439,after,30
5440,after,31
5441,after,27
5442,after,28
5443,after,26
5444,after,58
5445,after,27
5446,after,24
5447,after,27
5448,after,24
5449,after,31
5450,after,24
5451,after,24
5452,after,40
5453,after,24
5454,after,30
5455,after,6
5456,after,24
5457,after,25
5458,after,29
5459,after,27
5460,after,24
5461,after,29
5462,after,24
5463,after,31
5464,after,27
5465,after,29
5466,after,26
5467,after,27
5468,after,26
5469,after,29
5470,after,57
5471,after,36
5472,after,28
5473,after,25
5474,after,41
5475,after,25
5476,after,24
5477,after,29
5478,after,28
5479,after,27
5480,after,31
5481,after,24
5482,after,27
5483,after,24
5484,after,29
5485,after,27
5486,after,26
5487,after,28
5488,after,25
5489,after,26
5490,after,24
5491,after,24
5492,after,24
5493,after,3
5494,after,25
5495,after,25
5496,after,12
5497,after,30
5498,after,47
5499,after,28
5500,after,27
5501,after,53
5502,after,27
5503,after,24
5504,after,18
5505,after,29
5506,after,24
5507,after,48
5508,after,24
5509,after,26
5510,after,47
5511,after,28
5512,after,25
5513,after,24
5514,after,28
5515,after,24
5516,after,30
5517,after,54
5518,after,29
5519,after,27
5520,after,21
5521,after,30
5522,after,29
5523,after,31
5524,after,24
5525,after,18
5526,after,60
5527,after,27
5528,after,31
5529,after,27
5530,after,24
5531,after,30
5532,after,4
5533,after,30
5534,after,30
5535,after,30
5536,after,28
5537,after,28
5538,after,29
5539,after,28
5540,after,24
5541,after,29
5542,after,29
5543,after,28
5544,after,26
5545,after,24
5546,after,24
5547,after,30
5548,after,24
5549,after,25
5550,after,25
5551,after,30
5552,after,30
5553,after,36
5554,after,29
5555,after,25
5556,after,30
5557,after,31
5558,after,60
5559,after,3
5560,after,34
5561,after,34
5562,after,36
5563,after,11
5564,after,37
5565,after,35
5566,after,32
5567,after,38
5568,after,33
5569,after,37
5570,after,32
5571,after,35
5572,after,39
5573,after,33
5574,after,16
5575,after,34
5576,after,35
5577,after,36
5578,after,39
5579,after,32
5580,after,37
5581,after,37
5582,after,37
5583,after,39
5584,after,33
5585,after,34
5586,after,37
5587,after,39
5588,after,49
5589,after,39
5590,after,35
5591,after,36
5592,after,39
5593,after,39
5594,after,38
5595,after,32
5596,after,14
5597,after,47
5598,after,36
5599,after,36
5600,after,18
5601,after,50
5602,after,37
5603,after,34
5604,after,34
5605,after,32
5606,after,29
5607,after,34
5608,after,39
5609,after,34
5610,after,36
5611,after,39
5612,after,38
5613,after,32
5614,after,35
5615,after,35
5616,after,32
5617,after,37
5618,after,32
5619,after,8
5620,after,37
5621,after,37
5622,after,37
5623,after,35
5624,after,16
5625,after,39
5626,after,39
5627,after,19
5628,after,35
5629,after,39
5630,after,32
5631,after,39
5632,after,34
5633,after,49
5634,after,39
5635,after,33
5636,after,32
5637,after,37
5638,after,32
5639,after,33
5640,after,35
5641,after,34
5642,after,36
5643,after,45
5644,after,32
5645,after,34
5646,after,32
5647,after,32
5648,after,38
5649,after,32
5650,after,39
5651,after,35
5652,after,36
5653,after,56
5654,after,39
5655,after,39
5656,after,35
5657,after,33
5658,after,23
5659,after,35
5660,after,35
5661,after,36
5662,after,54
5663,after,36
5664,after,35
5665,after,32
5666,after,38
5667,after,31
5668,after,30
5669,after,37
5670,after,33
5671,after,35
5672,after,39
5673,after,5
5674,after,39
5675,after,39
5676,after,57
5677,after,33
5678,after,39
5679,after,35
5680,after,33
5681,after,3
5682,after,37
5683,after,33
5684,after,38
5685,after,36
5686,after,39
5687,after,39
5688,after,44
5689,after,40
5690,after,41
5691,after,46
5692,after,40
5693,after,45
5694,after,47
5695,after,18
5696,after,45
5697,after,46
5698,after,47
5699,after,46
5700,after,42
5701,after,47
5702,after,44
5703,after,41
5704,after,46
5705,after,47
5706,after,45
5707,after,47
5708,after,38
5709,after,46
5710,after,41
5711,after,43
5712,after,43
5713,after,43
5714,after,40
5715,after,47
5716,after,45
5717,after,43
5718,after,47
5719,after,45
5720,after,45
5721,after,44
5722,after,42
5723,after,60
5724,after,44
5725,after,43
5726,after,40
5727,after,20
5728,after,63
5729,after,41
5730,after,44
5731,after,18
5732,after,47
5733,after,23
5734,after,45
5735,after,42
5736,after,42
5737,after,40
5738,after,44
5739,after,44
5740,after,40
5741,after,58
5742,after,43
5743,after,40
5744,after,40
5745,after,45
5746,after,41
5747,after,43
5748,after,46
5749,after,45
5750,after,45
5751,after,41
5752,after,43
5753,after,47
5754,after,45
5755,after,50
5756,after,44
5757,after,46
5758,after,46
5759,after,41
5760,after,45
5761,after,47
5762,after,41
5763,after,11
5764,after,52
5765,after,45
5766,after,41
5767,after,46
5768,after,46
5769,after,41
5770,after,42
5771,after,41
5772,after,43
5773,after,40
5774,after,40
5775,after,44
5776,after,34
5777,after,43
5778,after,43
5779,after,30
5780,after,40
5781,after,45
5782,after,40
5783,after,40
5784,after,40
5785,after,40
5786,after,47
5787,after,41
5788,after,40
5789,after,42
5790,after,45
5791,after,43
5792,after,11
5793,after,21
5794,after,44
5795,after,46
5796,after,46
5797,after,41
5798,after,44
5799,after,20
5800,after,31
5801,after,41
5802,after,44
5803,after,41
5804,after,41
5805,after,43
5806,after,46
5807,after,27
5808,after,46
5809,after,46
5810,after,41
5811,after,44
5812,after,46
5813,after,40
5814,after,42
5815,after,45
5816,after,51
5817,after,42
5818,after,53
5819,after,49
5820,after,49
5821,after,50
5822,after,55
5823,after,51
5824,after,63
5825,after,8
5826,after,53
5827,after,53
5828,after,10
5829,after,53
5830,after,16
5831,after,51
5832,after,55
5833,after,52
5834,after,49
5835,after,49
5836,after,55
5837,after,53
5838,after,50
5839,after,54
5840,after,30
5841,after,52
5842,after,54
5843,after,54
5844,after,52
5845,after,54
5846,after,48
5847,after,42
5848,after,50
5849,after,54
5850,after,51
5851,after,54
5852,after,52
5853,after,52
5854,after,24
5855,after,55
5856,after,48
5857,after,53
5858,after,48
5859,after,63
5860,after,54
5861,after,18
5862,after,21
5863,after,51
5864,after,51
5865,after,51
5866,after,48
5867,after,55
5868,after,52
5869,after,52
5870,after,54
5871,after,48
5872,after,61
5873,after,52
5874,after,53
5875,after,49
5876,after,50
5877,after,11
5878,after,55
5879,after,32
5880,after,46
5881,after,48
5882,after,51
5883,after,50
5884,after,34
5885,after,50
5886,after,55
5887,after,41
5888,after,48
5889,after,54
5890,after,53
5891,after,49
5892,after,54
5893,after,50
5894,after,53
5895,after,53
5896,after,48
5897,after,51
5898,after,53
5899,after,41
5900,after,54
5901,after,53
5902,after,53
5903,after,55
5904,after,50
5905,after,52
5906,after,50
5907,after,52
5908,after,48
5909,after,51
5910,after,50
5911,after,40
5912,after,53
5913,after,54
5914,after,50
5915,after,48
5916,after,50
5917,after,35
5918,after,55
5919,after,63
5920,after,52
5921,after,54
5922,after,50
5923,after,48
5924,after,53
5925,after,48
5926,after,54
5927,after,50
5928,after,48
5929,after,50
5930,after,48
5931,after,50
5932,after,30
5933,after,52
5934,after,54
5935,after,52
5936,after,54
5937,after,59
5938,after,51
5939,after,52
5940,after,50
5941,after,51
5942,after,55
5943,after,9
5944,after,56
5945,after,57
5946,after,56
5947,after,35
5948,after,41
5949,after,12
5950,after,57
5951,after,59
5952,after,57
5953,after,61
5954,after,57
5955,after,60
5956,after,63
5957,after,16
5958,after,60
5959,after,63
5960,after,56
5961,after,60
5962,after,55
5963,after,33
5964,after,61
5965,after,62
5966,after,60
5967,after,61
5968,after,57
5969,after,57
5970,after,56
5971,after,59
5972,after,60
5973,after,56
5974,after,56
5975,after,60
5976,after,62
5977,after,62
5978,after,57
5979,after,33
5980,after,59
5981,after,36
5982,after,60
5983,after,63
5984,after,58
5985,after,46
5986,after,57
5987,after,57
5988,after,61
5989,after,56
5990,after,56
5991,after,6
5992,after,57
5993,after,14
5994,after,28
5995,after,56
5996,after,60
5997,after,61
5998,after,62
5999,after,61
