index,page
0,0
1,1
2,2
3,3
4,18
5,4
6,5
7,6
8,7
9,0
10,1
11,2
12,43
13,3
14,4
15,5
16,6
17,7
18,0
19,1
20,2
21,3
22,4
23,5
24,6
25,7
26,0
27,1
28,2
29,3
30,4
31,5
32,6
33,7
34,0
35,20
36,1
37,2
38,3
39,4
40,5
41,6
42,7
43,0
44,1
45,2
46,3
47,4
48,5
49,6
50,7
51,23
52,0
53,1
54,2
55,3
56,4
57,5
58,6
59,7
60,0
61,1
62,2
63,3
64,4
65,5
66,17
67,6
68,7
69,0
70,1
71,2
72,3
73,4
74,5
75,6
76,7
77,0
78,58
79,1
80,2
81,3
82,4
83,5
84,6
85,7
86,0
87,1
88,32
89,2
90,63
91,3
92,4
93,5
94,6
95,7
96,46
97,0
98,1
99,2
100,3
101,4
102,5
103,6
104,7
105,0
106,30
107,1
108,33
109,2
110,3
111,14
112,4
113,5
114,6
115,7
116,0
117,1
118,2
119,3
120,4
121,5
122,6
123,7
124,0
125,1
126,20
127,2
128,3
129,4
130,5
131,6
132,7
133,0
134,1
135,2
136,27
137,3
138,4
139,5
140,6
141,7
142,0
143,1
144,2
145,3
146,4
147,5
148,59
149,6
150,7
151,0
152,1
153,24
154,2
155,3
156,4
157,5
158,6
159,7
160,0
161,1
162,2
163,38
164,3
165,11
166,4
167,5
168,6
169,7
170,0
171,1
172,2
173,3
174,4
175,5
176,6
177,7
178,0
179,1
180,2
181,3
182,4
183,5
184,6
185,7
186,0
187,1
188,2
189,3
190,4
191,42
192,5
193,6
194,7
195,0
196,1
197,2
198,3
199,4
200,5
201,6
202,7
203,0
204,1
205,49
206,56
207,2
208,3
209,4
210,5
211,6
212,7
213,0
214,1
215,2
216,3
217,4
218,5
219,34
220,6
221,7
222,0
223,1
224,2
225,3
226,4
227,5
228,6
229,7
230,0
231,1
232,2
233,3
234,29
235,4
236,5
237,6
238,7
239,0
240,1
241,53
242,2
243,3
244,4
245,5
246,6
247,7
248,0
249,1
250,2
251,3
252,4
253,5
254,54
255,6
256,7
257,0
258,1
259,2
260,3
261,4
262,5
263,6
264,47
265,7
266,0
267,1
268,2
269,3
270,4
271,5
272,6
273,7
274,0
275,1
276,2
277,3
278,4
279,5
280,6
281,7
282,0
283,1
284,2
285,3
286,4
287,5
288,6
289,7
290,0
291,1
292,2
293,3
294,4
295,5
296,6
297,7
298,0
299,1
300,2
301,3
302,4
303,5
304,6
305,7
306,0
307,1
308,43
309,2
310,23
311,3
312,4
313,5
314,6
315,7
316,0
317,1
318,2
319,3
320,4
321,5
322,6
323,7
324,0
325,1
326,2
327,3
328,4
329,14
330,5
331,6
332,7
333,0
334,34
335,1
336,2
337,3
338,4
339,5
340,6
341,7
342,0
343,1
344,2
345,3
346,4
347,5
348,38
349,6
350,7
351,0
352,1
353,2
354,3
355,4
356,5
357,6
358,7
359,0
360,1
361,29
362,2
363,3
364,4
365,5
366,6
367,7
368,0
369,1
370,2
371,3
372,4
373,5
374,6
375,7
376,0
377,1
378,2
379,3
380,4
381,5
382,6
383,7
384,43
385,0
386,1
387,2
388,56
389,3
390,4
391,5
392,6
393,21
394,7
395,0
396,13
397,1
398,2
399,3
400,4
401,5
402,6
403,7
404,0
405,1
406,2
407,3
408,4
409,5
410,6
411,7
412,0
413,1
414,2
415,40
416,29
417,3
418,4
419,5
420,6
421,7
422,0
423,1
424,2
425,3
426,4
427,5
428,6
429,22
430,7
431,0
432,1
433,60
434,2
435,3
436,4
437,5
438,12
439,6
440,7
441,0
442,1
443,41
444,2
445,3
446,4
447,5
448,6
449,7
450,0
451,1
452,2
453,17
454,3
455,4
456,5
457,56
458,13
459,6
460,7
461,0
462,1
463,2
464,3
465,4
466,5
467,6
468,7
469,0
470,1
471,2
472,42
473,3
474,4
475,53
476,5
477,6
478,7
479,46
480,0
481,1
482,2
483,3
484,4
485,46
486,5
487,6
488,7
489,0
490,1
491,2
492,3
493,4
494,5
495,6
496,7
497,0
498,46
499,1
500,2
501,3
502,4
503,5
504,6
505,7
506,0
507,1
508,2
509,3
510,4
511,5
512,6
513,7
514,0
515,1
516,2
517,3
518,4
519,5
520,6
521,7
522,0
523,1
524,2
525,28
526,38
527,3
528,4
529,5
530,6
531,7
532,0
533,24
534,1
535,2
536,3
537,4
538,5
539,6
540,7
541,0
542,1
543,2
544,3
545,4
546,5
547,6
548,7
549,0
550,1
551,2
552,3
553,4
554,5
555,6
556,7
557,0
558,1
559,2
560,3
561,4
562,44
563,5
564,6
565,7
566,40
567,0
568,1
569,43
570,2
571,3
572,4
573,5
574,6
575,7
576,0
577,1
578,2
579,3
580,4
581,5
582,6
583,7
584,0
585,1
586,2
587,3
588,13
589,51
590,4
591,5
592,6
593,25
594,7
595,0
596,1
597,46
598,2
599,3
600,4
601,60
602,5
603,6
604,7
605,0
606,1
607,2
608,3
609,4
610,5
611,6
612,7
613,0
614,1
615,55
616,2
617,3
618,4
619,5
620,6
621,7
622,0
623,1
624,2
625,3
626,4
627,5
628,6
629,7
630,0
631,1
632,2
633,3
634,42
635,4
636,5
637,6
638,7
639,0
640,1
641,2
642,3
643,4
644,5
645,38
646,6
647,37
648,7
649,0
650,1
651,2
652,3
653,4
654,5
655,47
656,21
657,6
658,7
659,0
660,1
661,2
662,3
663,4
664,5
665,6
666,7
667,11
668,0
669,1
670,2
671,3
672,4
673,5
674,19
675,6
676,7
677,0
678,1
679,2
680,3
681,4
682,5
683,6
684,7
685,0
686,1
687,2
688,3
689,4
690,5
691,6
692,7
693,0
694,30
695,1
696,2
697,3
698,4
699,5
700,6
701,7
702,0
703,1
704,2
705,3
706,4
707,5
708,6
709,7
710,0
711,1
712,2
713,3
714,4
715,5
716,6
717,7
718,0
719,1
720,14
721,2
722,3
723,56
724,28
725,4
726,5
727,6
728,7
729,0
730,1
731,22
732,2
733,3
734,4
735,5
736,6
737,7
738,0
739,1
740,2
741,3
742,4
743,5
744,6
745,7
746,0
747,1
748,2
749,3
750,4
751,5
752,6
753,7
754,0
755,1
756,2
757,3
758,4
759,5
760,6
761,7
762,0
763,1
764,2
765,3
766,4
767,5
768,6
769,7
770,11
771,0
772,1
773,2
774,36
775,3
776,4
777,5
778,6
779,7
780,0
781,1
782,2
783,3
784,4
785,5
786,6
787,7
788,0
789,1
790,2
791,3
792,4
793,5
794,6
795,7
796,0
797,55
798,40
799,1
800,2
801,3
802,4
803,5
804,6
805,7
806,0
807,1
808,2
809,3
810,4
811,5
812,6
813,7
814,0
815,1
816,2
817,3
818,4
819,5
820,6
821,7
822,40
823,0
824,1
825,2
826,3
827,4
828,5
829,6
830,7
831,26
832,42
833,0
834,1
835,2
836,3
837,4
838,5
839,6
840,7
841,0
842,1
843,2
844,3
845,4
846,5
847,6
848,7
849,0
850,1
851,2
852,3
853,4
854,5
855,6
856,7
857,0
858,1
859,2
860,3
861,4
862,46
863,5
864,6
865,17
866,7
867,0
868,1
869,2
870,3
871,4
872,5
873,6
874,63
875,7
876,0
877,1
878,2
879,3
880,4
881,5
882,6
883,7
884,0
885,1
886,2
887,3
888,4
889,35
890,5
891,6
892,7
893,0
894,1
895,2
896,3
897,4
898,5
899,53
900,6
901,7
902,0
903,1
904,2
905,3
906,4
907,5
908,6
909,7
910,0
911,13
912,1
913,2
914,3
915,4
916,5
917,6
918,7
919,0
920,1
921,51
922,2
923,3
924,4
925,5
926,6
927,7
928,0
929,1
930,2
931,3
932,4
933,5
934,20
935,6
936,7
937,57
938,0
939,1
940,2
941,3
942,4
943,60
944,5
945,6
946,7
947,0
948,1
949,14
950,2
951,27
952,3
953,4
954,5
955,6
956,63
957,7
958,0
959,1
960,2
961,3
962,4
963,5
964,6
965,7
966,0
967,1
968,12
969,2
970,3
971,4
972,5
973,6
974,7
975,0
976,1
977,2
978,3
979,4
980,5
981,6
982,16
983,7
984,0
985,1
986,24
987,2
988,3
989,56
990,4
991,5
992,6
993,7
994,0
995,1
996,2
997,3
998,4
999,5
1000,6
1001,63
1002,7
1003,0
1004,1
1005,2
1006,3
1007,4
1008,5
1009,6
1010,7
1011,0
1012,1
1013,45
1014,2
1015,3
1016,4
1017,5
1018,6
1019,7
1020,0
1021,1
1022,2
1023,3
1024,4
1025,5
1026,6
1027,63
1028,26
1029,7
1030,0
1031,1
1032,2
1033,3
1034,4
1035,5
1036,35
1037,6
1038,8
1039,7
1040,0
1041,1
1042,2
1043,58
1044,3
1045,4
1046,5
1047,6
1048,14
1049,7
1050,0
1051,1
1052,2
1053,3
1054,4
1055,17
1056,5
1057,6
1058,7
1059,0
1060,1
1061,2
1062,3
1063,4
1064,5
1065,6
1066,7
1067,0
1068,1
1069,2
1070,3
1071,4
1072,5
1073,6
1074,7
1075,0
1076,1
1077,2
1078,3
1079,4
1080,5
1081,6
1082,7
1083,0
1084,1
1085,2
1086,3
1087,4
1088,5
1089,6
1090,7
1091,0
1092,1
1093,2
1094,3
1095,4
1096,5
1097,6
1098,47
1099,7
1100,0
1101,1
1102,2
1103,3
1104,4
1105,5
1106,6
1107,7
1108,0
1109,1
1110,2
1111,3
1112,4
1113,5
1114,21
1115,6
1116,7
1117,28
1118,0
1119,1
1120,44
1121,2
1122,3
1123,4
1124,5
1125,6
1126,7
1127,0
1128,1
1129,2
1130,3
1131,4
1132,5
1133,6
1134,7
1135,0
1136,1
1137,2
1138,45
1139,3
1140,4
1141,5
1142,6
1143,7
1144,0
1145,1
1146,2
1147,3
1148,4
1149,5
1150,6
1151,7
1152,0
1153,1
1154,2
1155,3
1156,32
1157,4
1158,5
1159,6
1160,37
1161,7
1162,0
1163,1
1164,32
1165,2
1166,3
1167,4
1168,5
1169,6
1170,7
1171,0
1172,1
1173,2
1174,3
1175,4
1176,5
1177,6
1178,7
1179,0
1180,1
1181,16
1182,2
1183,3
1184,4
1185,5
1186,6
1187,7
1188,0
1189,1
1190,2
1191,3
1192,4
1193,5
1194,6
1195,7
1196,0
1197,1
1198,2
1199,31
1200,55
1201,3
1202,4
1203,5
1204,6
1205,7
1206,8
1207,0
1208,1
1209,2
1210,3
1211,4
1212,5
1213,6
1214,7
1215,61
1216,0
1217,1
1218,2
1219,3
1220,4
1221,5
1222,6
1223,7
1224,0
1225,1
1226,2
1227,3
1228,4
1229,5
1230,6
1231,7
1232,0
1233,1
1234,2
1235,3
1236,4
1237,5
1238,6
1239,7
1240,0
1241,1
1242,2
1243,3
1244,4
1245,5
1246,52
1247,6
1248,7
1249,0
1250,1
1251,2
1252,3
1253,4
1254,5
1255,6
1256,7
1257,0
1258,1
1259,2
1260,3
1261,4
1262,42
1263,5
1264,6
1265,7
1266,0
1267,1
1268,2
1269,3
1270,4
1271,5
1272,6
1273,7
1274,0
1275,35
1276,1
1277,2
1278,3
1279,4
1280,5
1281,6
1282,7
1283,29
1284,0
1285,1
1286,2
1287,3
1288,4
1289,5
1290,6
1291,7
1292,0
1293,1
1294,2
1295,3
1296,4
1297,5
1298,6
1299,7
1300,57
1301,0
1302,44
1303,16
1304,1
1305,2
1306,3
1307,63
1308,4
1309,5
1310,6
1311,7
1312,0
1313,1
1314,2
1315,3
1316,4
1317,5
1318,6
1319,7
1320,0
1321,52
1322,1
1323,2
1324,3
1325,4
1326,5
1327,6
1328,7
1329,39
1330,0
1331,1
1332,2
1333,3
1334,4
1335,5
1336,44
1337,6
1338,33
1339,7
1340,0
1341,1
1342,28
1343,2
1344,53
1345,3
1346,4
1347,5
1348,6
1349,7
1350,0
1351,1
1352,2
1353,3
1354,4
1355,5
1356,6
1357,7
1358,0
1359,1
1360,2
1361,3
1362,4
1363,5
1364,6
1365,21
1366,7
1367,0
1368,1
1369,2
1370,3
1371,4
1372,5
1373,42
1374,6
1375,54
1376,7
1377,0
1378,1
1379,2
1380,3
1381,4
1382,5
1383,6
1384,7
1385,0
1386,1
1387,2
1388,3
1389,4
1390,5
1391,6
1392,47
1393,7
1394,0
1395,1
1396,2
1397,3
1398,4
1399,5
1400,6
1401,7
1402,0
1403,1
1404,2
1405,3
1406,4
1407,5
1408,6
1409,7
1410,39
1411,0
1412,1
1413,2
1414,3
1415,4
1416,5
1417,6
1418,7
1419,0
1420,1
1421,2
1422,3
1423,4
1424,5
1425,6
1426,7
1427,0
1428,1
1429,2
1430,3
1431,4
1432,5
1433,6
1434,13
1435,7
1436,0
1437,1
1438,2
1439,3
1440,4
1441,5
1442,6
1443,7
1444,61
1445,0
1446,1
1447,9
1448,2
1449,3
1450,4
1451,5
1452,6
1453,39
1454,7
1455,0
1456,1
1457,2
1458,3
1459,4
1460,5
1461,6
1462,7
1463,46
1464,0
1465,1
1466,2
1467,3
1468,4
1469,5
1470,6
1471,7
1472,0
1473,1
1474,2
1475,3
1476,4
1477,5
1478,6
1479,7
1480,0
1481,1
1482,2
1483,3
1484,4
1485,5
1486,34
1487,6
1488,7
1489,0
1490,1
1491,2
1492,3
1493,4
1494,5
1495,6
1496,7
1497,0
1498,1
1499,2
1500,3
1501,4
1502,5
1503,13
1504,6
1505,13
1506,7
1507,0
1508,1
1509,2
1510,3
1511,4
1512,5
1513,6
1514,7
1515,0
1516,1
1517,2
1518,3
1519,4
1520,5
1521,6
1522,7
1523,0
1524,1
1525,2
1526,3
1527,4
1528,5
1529,6
1530,7
1531,36
1532,0
1533,1
1534,2
1535,3
1536,4
1537,5
1538,6
1539,7
1540,0
1541,1
1542,2
1543,3
1544,4
1545,5
1546,6
1547,7
1548,0
1549,1
1550,2
1551,29
1552,3
1553,4
1554,5
1555,6
1556,7
1557,0
1558,1
1559,2
1560,3
1561,4
1562,5
1563,6
1564,7
1565,0
1566,1
1567,2
1568,3
1569,4
1570,5
1571,6
1572,7
1573,0
1574,1
1575,2
1576,3
1577,4
1578,45
1579,5
1580,48
1581,6
1582,7
1583,0
1584,16
1585,1
1586,2
1587,49
1588,3
1589,36
1590,4
1591,5
1592,6
1593,7
1594,0
1595,1
1596,2
1597,3
1598,4
1599,5
1600,6
1601,41
1602,29
1603,7
1604,0
1605,1
1606,2
1607,3
1608,4
1609,5
1610,6
1611,15
1612,7
1613,0
1614,1
1615,58
1616,2
1617,3
1618,4
1619,16
1620,5
1621,6
1622,7
1623,0
1624,1
1625,2
1626,3
1627,4
1628,5
1629,6
1630,7
1631,0
1632,23
1633,1
1634,2
1635,3
1636,4
1637,5
1638,6
1639,7
1640,0
1641,1
1642,2
1643,3
1644,4
1645,5
1646,6
1647,7
1648,0
1649,1
1650,2
1651,3
1652,4
1653,5
1654,6
1655,7
1656,0
1657,1
1658,42
1659,2
1660,3
1661,4
1662,5
1663,6
1664,7
1665,0
1666,1
1667,24
1668,2
1669,3
1670,4
1671,48
1672,5
1673,6
1674,7
1675,63
1676,26
1677,0
1678,1
1679,2
1680,3
1681,4
1682,5
1683,6
1684,7
1685,0
1686,1
1687,43
1688,2
1689,3
1690,4
1691,5
1692,17
1693,6
1694,7
1695,0
1696,1
1697,2
1698,3
1699,33
1700,4
1701,5
1702,6
1703,7
1704,0
1705,1
1706,49
1707,2
1708,3
1709,4
1710,5
1711,6
1712,7
1713,0
1714,1
1715,2
1716,3
1717,4
1718,5
1719,6
1720,7
1721,0
1722,1
1723,2
1724,3
1725,4
1726,5
1727,6
1728,7
1729,0
1730,44
1731,1
1732,2
1733,3
1734,4
1735,5
1736,6
1737,7
1738,0
1739,1
1740,2
1741,3
1742,4
1743,9
1744,5
1745,24
1746,6
1747,7
1748,19
1749,0
1750,1
1751,2
1752,3
1753,4
1754,5
1755,6
1756,7
1757,0
1758,1
1759,2
1760,14
1761,3
1762,58
1763,4
1764,5
1765,6
1766,7
1767,0
1768,1
1769,2
1770,3
1771,4
1772,5
1773,6
1774,7
1775,0
1776,1
1777,2
1778,3
1779,4
1780,5
1781,6
1782,7
1783,0
1784,1
1785,2
1786,3
1787,4
1788,5
1789,6
1790,14
1791,8
1792,7
1793,0
1794,1
1795,2
1796,3
1797,4
1798,18
1799,5
1800,6
1801,54
1802,10
1803,7
1804,0
1805,1
1806,2
1807,3
1808,4
1809,5
1810,6
1811,7
1812,0
1813,9
1814,1
1815,2
1816,3
1817,9
1818,4
1819,5
1820,6
1821,7
1822,0
1823,1
1824,2
1825,3
1826,4
1827,24
1828,5
1829,6
1830,7
1831,0
1832,1
1833,2
1834,3
1835,4
1836,5
1837,6
1838,7
1839,0
1840,1
1841,2
1842,3
1843,4
1844,5
1845,6
1846,7
1847,0
1848,1
1849,2
1850,3
1851,4
1852,5
1853,6
1854,7
1855,0
1856,1
1857,2
1858,3
1859,4
1860,5
1861,6
1862,7
1863,0
1864,1
1865,2
1866,3
1867,4
1868,5
1869,6
1870,7
1871,10
1872,0
1873,1
1874,19
1875,2
1876,3
1877,4
1878,5
1879,6
1880,51
1881,7
1882,0
1883,1
1884,2
1885,3
1886,4
1887,5
1888,6
1889,10
1890,7
1891,0
1892,1
1893,2
1894,24
1895,3
1896,4
1897,5
1898,6
1899,7
1900,0
1901,1
1902,27
1903,2
1904,3
1905,4
1906,5
1907,6
1908,7
1909,0
1910,55
1911,1
1912,2
1913,3
1914,4
1915,5
1916,6
1917,7
1918,0
1919,1
1920,23
1921,2
1922,3
1923,4
1924,41
1925,5
1926,6
1927,7
1928,29
1929,0
1930,1
1931,2
1932,3
1933,4
1934,5
1935,6
1936,7
1937,0
1938,1
1939,2
1940,3
1941,4
1942,5
1943,6
1944,7
1945,25
1946,0
1947,1
1948,2
1949,3
1950,4
1951,5
1952,6
1953,7
1954,0
1955,1
1956,2
1957,3
1958,4
1959,5
1960,6
1961,7
1962,0
1963,1
1964,2
1965,3
1966,4
1967,5
1968,25
1969,6
1970,39
1971,7
1972,0
1973,1
1974,2
1975,3
1976,4
1977,26
1978,5
1979,6
1980,7
1981,0
1982,1
1983,2
1984,3
1985,41
1986,4
1987,5
1988,6
1989,7
1990,0
1991,1
1992,2
1993,3
1994,31
1995,4
1996,5
1997,6
1998,7
1999,0
2000,1
2001,2
2002,3
2003,4
2004,5
2005,6
2006,7
2007,0
2008,1
2009,2
2010,3
2011,4
2012,5
2013,6
2014,7
2015,0
2016,1
2017,2
2018,3
2019,4
2020,5
2021,6
2022,7
2023,0
2024,1
2025,2
2026,3
2027,4
2028,5
2029,6
2030,7
2031,0
2032,1
2033,2
2034,3
2035,4
2036,5
2037,6
2038,7
2039,0
2040,1
2041,2
2042,3
2043,4
2044,5
2045,6
2046,7
2047,0
2048,1
2049,2
2050,3
2051,4
2052,5
2053,6
2054,7
2055,30
2056,0
2057,1
2058,2
2059,3
2060,4
2061,5
2062,6
2063,7
2064,0
2065,1
2066,2
2067,3
2068,4
2069,5
2070,6
2071,7
2072,0
2073,1
2074,2
2075,3
2076,4
2077,5
2078,6
2079,7
2080,18
2081,0
2082,1
2083,2
2084,3
2085,61
2086,4
2087,5
2088,6
2089,7
2090,0
2091,1
2092,2
2093,3
2094,4
2095,5
2096,31
2097,6
2098,7
2099,27
2100,0
2101,1
2102,2
2103,3
2104,4
2105,5
2106,6
2107,7
2108,0
2109,1
2110,2
2111,3
2112,4
2113,5
2114,6
2115,7
2116,25
2117,0
2118,1
2119,2
2120,3
2121,4
2122,5
2123,6
2124,7
2125,0
2126,1
2127,2
2128,3
2129,4
2130,5
2131,6
2132,23
2133,7
2134,0
2135,1
2136,2
2137,3
2138,4
2139,5
2140,14
2141,6
2142,7
2143,0
2144,1
2145,2
2146,3
2147,4
2148,5
2149,6
2150,7
2151,0
2152,10
2153,1
2154,2
2155,3
2156,4
2157,5
2158,6
2159,7
2160,0
2161,1
2162,2
2163,63
2164,3
2165,4
2166,5
2167,6
2168,7
2169,0
2170,1
2171,2
2172,3
2173,4
2174,5
2175,6
2176,7
2177,0
2178,1
2179,2
2180,3
2181,4
2182,5
2183,6
2184,7
2185,0
2186,1
2187,2
2188,3
2189,4
2190,5
2191,6
2192,7
2193,0
2194,1
2195,2
2196,3
2197,4
2198,5
2199,47
2200,57
2201,6
2202,7
2203,0
2204,1
2205,2
2206,24
2207,3
2208,26
2209,4
2210,5
2211,6
2212,7
2213,0
2214,1
2215,2
2216,3
2217,4
2218,5
2219,6
2220,35
2221,7
2222,0
2223,1
2224,2
2225,3
2226,4
2227,5
2228,47
2229,6
2230,7
2231,0
2232,1
2233,2
2234,3
2235,4
2236,5
2237,6
2238,7
2239,0
2240,1
2241,2
2242,3
2243,4
2244,5
2245,6
2246,7
2247,0
2248,1
2249,2
2250,27
2251,3
2252,4
2253,58
2254,19
2255,5
2256,6
2257,7
2258,0
2259,1
2260,2
2261,3
2262,4
2263,5
2264,6
2265,7
2266,0
2267,1
2268,2
2269,3
2270,4
2271,5
2272,6
2273,7
2274,0
2275,60
2276,19
2277,1
2278,2
2279,3
2280,4
2281,5
2282,6
2283,7
2284,0
2285,1
2286,2
2287,3
2288,4
2289,5
2290,6
2291,7
2292,0
2293,1
2294,2
2295,3
2296,4
2297,5
2298,6
2299,7
2300,0
2301,1
2302,2
2303,3
2304,4
2305,5
2306,6
2307,7
2308,0
2309,1
2310,2
2311,3
2312,4
2313,5
2314,6
2315,7
2316,0
2317,1
2318,2
2319,3
2320,29
2321,4
2322,23
2323,5
2324,6
2325,7
2326,0
2327,1
2328,2
2329,3
2330,4
2331,5
2332,47
2333,6
2334,7
2335,0
2336,1
2337,2
2338,3
2339,4
2340,5
2341,20
2342,6
2343,7
2344,0
2345,1
2346,2
2347,3
2348,4
2349,5
2350,6
2351,7
2352,0
2353,46
2354,1
2355,2
2356,3
2357,4
2358,5
2359,6
2360,7
2361,0
2362,1
2363,2
2364,33
2365,3
2366,4
2367,5
2368,6
2369,7
2370,0
2371,1
2372,2
2373,3
2374,4
2375,5
2376,6
2377,7
2378,0
2379,1
2380,2
2381,11
2382,3
2383,4
2384,5
2385,45
2386,6
2387,7
2388,0
2389,21
2390,1
2391,2
2392,3
2393,4
2394,5
2395,6
2396,7
2397,0
2398,1
2399,2
2400,3
2401,4
2402,5
2403,6
2404,7
2405,0
2406,24
2407,1
2408,2
2409,3
2410,4
2411,5
2412,6
2413,29
2414,7
2415,0
2416,1
2417,2
2418,3
2419,4
2420,5
2421,6
2422,7
2423,0
2424,1
2425,2
2426,3
2427,4
2428,5
2429,6
2430,7
2431,54
2432,0
2433,1
2434,2
2435,3
2436,4
2437,5
2438,6
2439,7
2440,0
2441,1
2442,2
2443,3
2444,4
2445,5
2446,6
2447,7
2448,0
2449,1
2450,2
2451,3
2452,4
2453,5
2454,6
2455,7
2456,0
2457,32
2458,1
2459,2
2460,3
2461,23
2462,4
2463,5
2464,6
2465,7
2466,0
2467,1
2468,2
2469,3
2470,4
2471,5
2472,6
2473,7
2474,0
2475,1
2476,2
2477,3
2478,4
2479,5
2480,6
2481,7
2482,0
2483,1
2484,2
2485,3
2486,4
2487,5
2488,6
2489,57
2490,7
2491,0
2492,1
2493,2
2494,3
2495,4
2496,5
2497,6
2498,7
2499,0
2500,1
2501,2
2502,3
2503,58
2504,4
2505,5
2506,17
2507,6
2508,7
2509,0
2510,1
2511,2
2512,3
2513,4
2514,16
2515,5
2516,6
2517,7
2518,0
2519,1
2520,2
2521,3
2522,4
2523,5
2524,6
2525,7
2526,0
2527,1
2528,46
2529,2
2530,3
2531,4
2532,5
2533,6
2534,7
2535,37
2536,0
2537,1
2538,2
2539,3
2540,4
2541,28
2542,5
2543,6
2544,7
2545,0
2546,21
2547,1
2548,2
2549,3
2550,4
2551,5
2552,6
2553,7
2554,0
2555,1
2556,2
2557,3
2558,4
2559,5
2560,6
2561,7
2562,0
2563,1
2564,2
2565,3
2566,4
2567,5
2568,6
2569,7
2570,0
2571,1
2572,58
2573,2
2574,3
2575,63
2576,4
2577,5
2578,6
2579,7
2580,0
2581,1
2582,2
2583,3
2584,4
2585,5
2586,6
2587,7
2588,0
2589,1
2590,2
2591,3
2592,22
2593,4
2594,5
2595,6
2596,7
2597,0
2598,1
2599,2
2600,3
2601,4
2602,5
2603,6
2604,7
2605,0
2606,1
2607,2
2608,17
2609,3
2610,4
2611,5
2612,41
2613,6
2614,7
2615,0
2616,1
2617,51
2618,2
2619,3
2620,4
2621,5
2622,6
2623,7
2624,0
2625,1
2626,2
2627,3
2628,4
2629,24
2630,5
2631,6
2632,7
2633,0
2634,1
2635,2
2636,3
2637,4
2638,5
2639,6
2640,7
2641,0
2642,1
2643,2
2644,3
2645,4
2646,5
2647,6
2648,7
2649,0
2650,1
2651,2
2652,3
2653,4
2654,5
2655,6
2656,7
2657,0
2658,1
2659,2
2660,3
2661,4
2662,5
2663,6
2664,7
2665,0
2666,1
2667,27
2668,26
2669,2
2670,3
2671,4
2672,5
2673,6
2674,7
2675,0
2676,1
2677,2
2678,3
2679,4
2680,5
2681,47
2682,6
2683,7
2684,0
2685,1
2686,2
2687,3
2688,21
2689,4
2690,5
2691,6
2692,7
2693,0
2694,1
2695,2
2696,3
2697,4
2698,5
2699,6
2700,7
2701,0
2702,50
2703,1
2704,2
2705,3
2706,4
2707,5
2708,6
2709,7
2710,0
2711,1
2712,2
2713,3
2714,4
2715,5
2716,6
2717,7
2718,0
2719,1
2720,27
2721,2
2722,3
2723,8
2724,4
2725,5
2726,6
2727,7
2728,0
2729,1
2730,28
2731,2
2732,3
2733,44
2734,4
2735,5
2736,6
2737,7
2738,10
2739,0
2740,1
2741,2
2742,3
2743,4
2744,5
2745,6
2746,7
2747,0
2748,1
2749,2
2750,3
2751,4
2752,5
2753,6
2754,7
2755,0
2756,1
2757,2
2758,3
2759,4
2760,5
2761,6
2762,7
2763,0
2764,1
2765,2
2766,3
2767,25
2768,4
2769,5
2770,6
2771,7
2772,0
2773,1
2774,2
2775,3
2776,4
2777,5
2778,6
2779,7
2780,0
2781,1
2782,2
2783,3
2784,4
2785,63
2786,5
2787,39
2788,6
2789,7
2790,0
2791,1
2792,2
2793,3
2794,4
2795,5
2796,6
2797,7
2798,0
2799,1
2800,2
2801,3
2802,4
2803,5
2804,6
2805,7
2806,0
2807,1
2808,2
2809,3
2810,4
2811,5
2812,6
2813,7
2814,0
2815,40
2816,1
2817,2
2818,3
2819,4
2820,5
2821,6
2822,7
2823,0
2824,53
2825,1
2826,2
2827,3
2828,4
2829,5
2830,6
2831,7
2832,0
2833,1
2834,2
2835,3
2836,4
2837,54
2838,5
2839,6
2840,7
2841,0
2842,1
2843,24
2844,2
2845,3
2846,4
2847,5
2848,6
2849,7
2850,0
2851,1
2852,2
2853,3
2854,4
2855,5
2856,6
2857,7
2858,0
2859,1
2860,2
2861,51
2862,3
2863,4
2864,5
2865,6
2866,7
2867,0
2868,1
2869,2
2870,3
2871,29
2872,4
2873,5
2874,6
2875,7
2876,0
2877,1
2878,32
2879,2
2880,3
2881,4
2882,55
2883,5
2884,6
2885,11
2886,7
2887,0
2888,1
2889,40
2890,2
2891,3
2892,4
2893,5
2894,6
2895,7
2896,0
2897,1
2898,2
2899,3
2900,4
2901,5
2902,6
2903,7
2904,0
2905,1
2906,2
2907,3
2908,4
2909,5
2910,6
2911,7
2912,0
2913,1
2914,2
2915,3
2916,4
2917,5
2918,6
2919,7
2920,0
2921,1
2922,2
2923,59
2924,3
2925,4
2926,30
2927,5
2928,6
2929,7
2930,0
2931,1
2932,2
2933,3
2934,4
2935,5
2936,6
2937,7
2938,0
2939,1
2940,2
2941,3
2942,4
2943,5
2944,6
2945,7
2946,26
2947,0
2948,1
2949,2
2950,3
2951,4
2952,27
2953,5
2954,10
2955,6
2956,7
2957,0
2958,1
2959,2
2960,3
2961,4
2962,5
2963,6
2964,7
2965,0
2966,16
2967,1
2968,2
2969,3
2970,4
2971,5
2972,6
2973,7
2974,0
2975,1
2976,2
2977,3
2978,4
2979,5
2980,6
2981,7
2982,0
2983,1
2984,2
2985,23
2986,60
2987,3
2988,4
2989,5
2990,6
2991,7
2992,0
2993,1
2994,2
2995,34
2996,3
2997,4
2998,5
2999,6
