scenario,seed,frames,policy,phase,accesses,faults,hit_ratio
random,100,8,FIFO,before,3000,1516,0.4946666666666667
random,100,8,FIFO,after,3000,2622,0.126
random,100,8,LRU,before,3000,1694,0.43533333333333335
random,100,8,LRU,after,3000,2618,0.1273333333333333
random,100,8,OPT,before,3000,423,0.859
random,100,8,OPT,after,3000,1848,0.384
random,100,8,Learned,before,3000,431,0.8563333333333334
random,100,8,Learned,after,3000,2626,0.1246666666666667
random,100,12,FIFO,before,3000,618,0.794
random,100,12,FIFO,after,3000,2433,0.18899999999999995
random,100,12,LRU,before,3000,269,0.9103333333333333
random,100,12,LRU,after,3000,2423,0.19233333333333336
random,100,12,OPT,before,3000,218,0.9273333333333333
random,100,12,OPT,after,3000,1534,0.4886666666666667
random,100,12,Learned,before,3000,261,0.913
random,100,12,Learned,after,3000,2443,0.18566666666666665
random,100,16,FIFO,before,3000,436,0.8546666666666667
random,100,16,FIFO,after,3000,2251,0.2496666666666667
random,100,16,LRU,before,3000,243,0.919
random,100,16,LRU,after,3000,2239,0.2536666666666667
random,100,16,OPT,before,3000,180,0.94
random,100,16,OPT,after,3000,1291,0.5696666666666667
random,100,16,Learned,before,3000,238,0.9206666666666666
random,100,16,Learned,after,3000,2244,0.252
random,100,24,FIFO,before,3000,301,0.8996666666666666
random,100,24,FIFO,after,3000,1849,0.3836666666666667
random,100,24,LRU,before,3000,214,0.9286666666666666
random,100,24,LRU,after,3000,1882,0.3726666666666667
random,100,24,OPT,before,3000,132,0.956
random,100,24,OPT,after,3000,918,0.694
random,100,24,Learned,before,3000,203,0.9323333333333333
random,100,24,Learned,after,3000,1871,0.3763333333333333
random,101,8,FIFO,before,3000,1614,0.46199999999999997
random,101,8,FIFO,after,3000,2643,0.119
random,101,8,LRU,before,3000,1893,0.369
random,101,8,LRU,after,3000,2630,0.1233333333333333
random,101,8,OPT,before,3000,486,0.838
random,101,8,OPT,after,3000,1858,0.3806666666666667
random,101,8,Learned,before,3000,497,0.8343333333333334
random,101,8,Learned,after,3000,2646,0.118
random,101,12,FIFO,before,3000,674,0.7753333333333333
random,101,12,FIFO,after,3000,2457,0.18100000000000005
random,101,12,LRU,before,3000,296,0.9013333333333333
random,101,12,LRU,after,3000,2440,0.18666666666666665
random,101,12,OPT,before,3000,240,0.92
random,101,12,OPT,after,3000,1554,0.482
random,101,12,Learned,before,3000,302,0.8993333333333333
random,101,12,Learned,after,3000,2488,0.17066666666666663
random,101,16,FIFO,before,3000,487,0.8376666666666667
random,101,16,FIFO,after,3000,2280,0.24
random,101,16,LRU,before,3000,274,0.9086666666666666
random,101,16,LRU,after,3000,2270,0.2433333333333333
random,101,16,OPT,before,3000,195,0.935
random,101,16,OPT,after,3000,1316,0.5613333333333334
random,101,16,Learned,before,3000,279,0.907
random,101,16,Learned,after,3000,2319,0.22699999999999998
random,101,24,FIFO,before,3000,324,0.892
random,101,24,FIFO,after,3000,1877,0.3743333333333333
random,101,24,LRU,before,3000,229,0.9236666666666666
random,101,24,LRU,after,3000,1892,0.3693333333333333
random,101,24,OPT,before,3000,149,0.9503333333333334
random,101,24,OPT,after,3000,937,0.6876666666666666
random,101,24,Learned,before,3000,235,0.9216666666666666
random,101,24,Learned,after,3000,1915,0.3616666666666667
random,102,8,FIFO,before,3000,1636,0.45466666666666666
random,102,8,FIFO,after,3000,2621,0.1263333333333333
random,102,8,LRU,before,3000,1850,0.3833333333333333
random,102,8,LRU,after,3000,2626,0.1246666666666667
random,102,8,OPT,before,3000,461,0.8463333333333334
random,102,8,OPT,after,3000,1857,0.381
random,102,8,Learned,before,3000,469,0.8436666666666667
random,102,8,Learned,after,3000,2621,0.1263333333333333
random,102,12,FIFO,before,3000,664,0.7786666666666666
random,102,12,FIFO,after,3000,2433,0.18899999999999995
random,102,12,LRU,before,3000,292,0.9026666666666667
random,102,12,LRU,after,3000,2429,0.19033333333333335
random,102,12,OPT,before,3000,235,0.9216666666666666
random,102,12,OPT,after,3000,1554,0.482
random,102,12,Learned,before,3000,287,0.9043333333333333
random,102,12,Learned,after,3000,2423,0.19233333333333336
random,102,16,FIFO,before,3000,474,0.842
random,102,16,FIFO,after,3000,2270,0.2433333333333333
random,102,16,LRU,before,3000,265,0.9116666666666666
random,102,16,LRU,after,3000,2245,0.2516666666666667
random,102,16,OPT,before,3000,193,0.9356666666666666
random,102,16,OPT,after,3000,1319,0.5603333333333333
random,102,16,Learned,before,3000,263,0.9123333333333333
random,102,16,Learned,after,3000,2235,0.255
random,102,24,FIFO,before,3000,326,0.8913333333333333
random,102,24,FIFO,after,3000,1884,0.372
random,102,24,LRU,before,3000,226,0.9246666666666666
random,102,24,LRU,after,3000,1904,0.3653333333333333
random,102,24,OPT,before,3000,142,0.9526666666666667
random,102,24,OPT,after,3000,938,0.6873333333333334
random,102,24,Learned,before,3000,218,0.9273333333333333
random,102,24,Learned,after,3000,1855,0.3816666666666667
random,103,8,FIFO,before,3000,1626,0.45799999999999996
random,103,8,FIFO,after,3000,2626,0.1246666666666667
random,103,8,LRU,before,3000,1831,0.3896666666666667
random,103,8,LRU,after,3000,2625,0.125
random,103,8,OPT,before,3000,466,0.8446666666666667
random,103,8,OPT,after,3000,1863,0.379
random,103,8,Learned,before,3000,471,0.843
random,103,8,Learned,after,3000,2641,0.1196666666666667
random,103,12,FIFO,before,3000,686,0.7713333333333333
random,103,12,FIFO,after,3000,2434,0.18866666666666665
random,103,12,LRU,before,3000,316,0.8946666666666667
random,103,12,LRU,after,3000,2441,0.18633333333333335
random,103,12,OPT,before,3000,240,0.92
random,103,12,OPT,after,3000,1553,0.4823333333333333
random,103,12,Learned,before,3000,297,0.901
random,103,12,Learned,after,3000,2459,0.18033333333333335
random,103,16,FIFO,before,3000,482,0.8393333333333333
random,103,16,FIFO,after,3000,2252,0.2493333333333333
random,103,16,LRU,before,3000,270,0.91
random,103,16,LRU,after,3000,2247,0.251
random,103,16,OPT,before,3000,192,0.9359999999999999
random,103,16,OPT,after,3000,1308,0.5640000000000001
random,103,16,Learned,before,3000,268,0.9106666666666666
random,103,16,Learned,after,3000,2287,0.2376666666666667
random,103,24,FIFO,before,3000,342,0.886
random,103,24,FIFO,after,3000,1871,0.3763333333333333
random,103,24,LRU,before,3000,234,0.922
random,103,24,LRU,after,3000,1884,0.372
random,103,24,OPT,before,3000,144,0.952
random,103,24,OPT,after,3000,923,0.6923333333333334
random,103,24,Learned,before,3000,224,0.9253333333333333
random,103,24,Learned,after,3000,1916,0.3613333333333333
random,104,8,FIFO,before,3000,1650,0.44999999999999996
random,104,8,FIFO,after,3000,2611,0.1296666666666667
random,104,8,LRU,before,3000,1879,0.3736666666666667
random,104,8,LRU,after,3000,2614,0.1286666666666667
random,104,8,OPT,before,3000,471,0.843
random,104,8,OPT,after,3000,1847,0.3843333333333333
random,104,8,Learned,before,3000,475,0.8416666666666667
random,104,8,Learned,after,3000,2643,0.119
random,104,12,FIFO,before,3000,695,0.7683333333333333
random,104,12,FIFO,after,3000,2422,0.19266666666666665
random,104,12,LRU,before,3000,300,0.9
random,104,12,LRU,after,3000,2430,0.18999999999999995
random,104,12,OPT,before,3000,235,0.9216666666666666
random,104,12,OPT,after,3000,1541,0.4863333333333333
random,104,12,Learned,before,3000,291,0.903
random,104,12,Learned,after,3000,2471,0.17633333333333334
random,104,16,FIFO,before,3000,463,0.8456666666666667
random,104,16,FIFO,after,3000,2260,0.2466666666666667
random,104,16,LRU,before,3000,266,0.9113333333333333
random,104,16,LRU,after,3000,2249,0.2503333333333333
random,104,16,OPT,before,3000,186,0.938
random,104,16,OPT,after,3000,1302,0.5660000000000001
random,104,16,Learned,before,3000,267,0.911
random,104,16,Learned,after,3000,2297,0.23433333333333328
random,104,24,FIFO,before,3000,315,0.895
random,104,24,FIFO,after,3000,1857,0.381
random,104,24,LRU,before,3000,224,0.9253333333333333
random,104,24,LRU,after,3000,1855,0.3816666666666667
random,104,24,OPT,before,3000,137,0.9543333333333334
random,104,24,OPT,after,3000,922,0.6926666666666667
random,104,24,Learned,before,3000,237,0.921
random,104,24,Learned,after,3000,1894,0.3686666666666667
random,105,8,FIFO,before,3000,1548,0.484
random,105,8,FIFO,after,3000,2597,0.1343333333333333
random,105,8,LRU,before,3000,1778,0.4073333333333333
random,105,8,LRU,after,3000,2593,0.1356666666666667
random,105,8,OPT,before,3000,451,0.8496666666666667
random,105,8,OPT,after,3000,1828,0.3906666666666667
random,105,8,Learned,before,3000,454,0.8486666666666667
random,105,8,Learned,after,3000,2617,0.1276666666666667
random,105,12,FIFO,before,3000,664,0.7786666666666666
random,105,12,FIFO,after,3000,2405,0.19833333333333336
random,105,12,LRU,before,3000,309,0.897
random,105,12,LRU,after,3000,2413,0.19566666666666666
random,105,12,OPT,before,3000,232,0.9226666666666666
random,105,12,OPT,after,3000,1520,0.4933333333333333
random,105,12,Learned,before,3000,283,0.9056666666666666
random,105,12,Learned,after,3000,2426,0.19133333333333336
random,105,16,FIFO,before,3000,484,0.8386666666666667
random,105,16,FIFO,after,3000,2223,0.259
random,105,16,LRU,before,3000,265,0.9116666666666666
random,105,16,LRU,after,3000,2223,0.259
random,105,16,OPT,before,3000,189,0.937
random,105,16,OPT,after,3000,1277,0.5743333333333334
random,105,16,Learned,before,3000,256,0.9146666666666666
random,105,16,Learned,after,3000,2256,0.248
random,105,24,FIFO,before,3000,318,0.894
random,105,24,FIFO,after,3000,1846,0.3846666666666667
random,105,24,LRU,before,3000,222,0.926
random,105,24,LRU,after,3000,1855,0.3816666666666667
random,105,24,OPT,before,3000,140,0.9533333333333334
random,105,24,OPT,after,3000,915,0.6950000000000001
random,105,24,Learned,before,3000,223,0.9256666666666666
random,105,24,Learned,after,3000,1885,0.3716666666666667
random,106,8,FIFO,before,3000,1658,0.44733333333333336
random,106,8,FIFO,after,3000,2613,0.129
random,106,8,LRU,before,3000,1901,0.3663333333333333
random,106,8,LRU,after,3000,2621,0.1263333333333333
random,106,8,OPT,before,3000,487,0.8376666666666667
random,106,8,OPT,after,3000,1851,0.383
random,106,8,Learned,before,3000,496,0.8346666666666667
random,106,8,Learned,after,3000,2627,0.1243333333333333
random,106,12,FIFO,before,3000,709,0.7636666666666667
random,106,12,FIFO,after,3000,2437,0.18766666666666665
random,106,12,LRU,before,3000,327,0.891
random,106,12,LRU,after,3000,2432,0.18933333333333335
random,106,12,OPT,before,3000,251,0.9163333333333333
random,106,12,OPT,after,3000,1548,0.484
random,106,12,Learned,before,3000,316,0.8946666666666667
random,106,12,Learned,after,3000,2442,0.18600000000000005
random,106,16,FIFO,before,3000,502,0.8326666666666667
random,106,16,FIFO,after,3000,2245,0.2516666666666667
random,106,16,LRU,before,3000,287,0.9043333333333333
random,106,16,LRU,after,3000,2257,0.2476666666666667
random,106,16,OPT,before,3000,203,0.9323333333333333
random,106,16,OPT,after,3000,1302,0.5660000000000001
random,106,16,Learned,before,3000,283,0.9056666666666666
random,106,16,Learned,after,3000,2256,0.248
random,106,24,FIFO,before,3000,340,0.8866666666666667
random,106,24,FIFO,after,3000,1871,0.3763333333333333
random,106,24,LRU,before,3000,239,0.9203333333333333
random,106,24,LRU,after,3000,1861,0.3796666666666667
random,106,24,OPT,before,3000,148,0.9506666666666667
random,106,24,OPT,after,3000,924,0.692
random,106,24,Learned,before,3000,247,0.9176666666666666
random,106,24,Learned,after,3000,1889,0.3703333333333333
random,107,8,FIFO,before,3000,1731,0.42300000000000004
random,107,8,FIFO,after,3000,2632,0.1226666666666667
random,107,8,LRU,before,3000,1991,0.3363333333333334
random,107,8,LRU,after,3000,2643,0.119
random,107,8,OPT,before,3000,496,0.8346666666666667
random,107,8,OPT,after,3000,1865,0.3783333333333333
random,107,8,Learned,before,3000,513,0.829
random,107,8,Learned,after,3000,2650,0.1166666666666667
random,107,12,FIFO,before,3000,732,0.756
random,107,12,FIFO,after,3000,2442,0.18600000000000005
random,107,12,LRU,before,3000,312,0.896
random,107,12,LRU,after,3000,2436,0.18799999999999994
random,107,12,OPT,before,3000,247,0.9176666666666666
random,107,12,OPT,after,3000,1554,0.482
random,107,12,Learned,before,3000,309,0.897
random,107,12,Learned,after,3000,2465,0.17833333333333334
random,107,16,FIFO,before,3000,518,0.8273333333333334
random,107,16,FIFO,after,3000,2255,0.2483333333333333
random,107,16,LRU,before,3000,285,0.905
random,107,16,LRU,after,3000,2246,0.2513333333333333
random,107,16,OPT,before,3000,202,0.9326666666666666
random,107,16,OPT,after,3000,1316,0.5613333333333334
random,107,16,Learned,before,3000,291,0.903
random,107,16,Learned,after,3000,2277,0.241
random,107,24,FIFO,before,3000,353,0.8823333333333333
random,107,24,FIFO,after,3000,1883,0.3723333333333333
random,107,24,LRU,before,3000,244,0.9186666666666666
random,107,24,LRU,after,3000,1905,0.365
random,107,24,OPT,before,3000,151,0.9496666666666667
random,107,24,OPT,after,3000,941,0.6863333333333334
random,107,24,Learned,before,3000,237,0.921
random,107,24,Learned,after,3000,1903,0.3656666666666667
random,108,8,FIFO,before,3000,1567,0.4776666666666667
random,108,8,FIFO,after,3000,2612,0.1293333333333333
random,108,8,LRU,before,3000,1808,0.3973333333333333
random,108,8,LRU,after,3000,2616,0.128
random,108,8,OPT,before,3000,449,0.8503333333333334
random,108,8,OPT,after,3000,1851,0.383
random,108,8,Learned,before,3000,453,0.849
random,108,8,Learned,after,3000,2625,0.125
random,108,12,FIFO,before,3000,657,0.781
random,108,12,FIFO,after,3000,2427,0.19099999999999995
random,108,12,LRU,before,3000,294,0.902
random,108,12,LRU,after,3000,2434,0.18866666666666665
random,108,12,OPT,before,3000,228,0.924
random,108,12,OPT,after,3000,1546,0.4846666666666667
random,108,12,Learned,before,3000,285,0.905
random,108,12,Learned,after,3000,2423,0.19233333333333336
random,108,16,FIFO,before,3000,461,0.8463333333333334
random,108,16,FIFO,after,3000,2241,0.253
random,108,16,LRU,before,3000,260,0.9133333333333333
random,108,16,LRU,after,3000,2238,0.254
random,108,16,OPT,before,3000,186,0.938
random,108,16,OPT,after,3000,1306,0.5646666666666667
random,108,16,Learned,before,3000,256,0.9146666666666666
random,108,16,Learned,after,3000,2236,0.2546666666666667
random,108,24,FIFO,before,3000,302,0.8993333333333333
random,108,24,FIFO,after,3000,1866,0.378
random,108,24,LRU,before,3000,213,0.929
random,108,24,LRU,after,3000,1867,0.3776666666666667
random,108,24,OPT,before,3000,140,0.9533333333333334
random,108,24,OPT,after,3000,921,0.6930000000000001
random,108,24,Learned,before,3000,227,0.9243333333333333
random,108,24,Learned,after,3000,1891,0.3696666666666667
random,109,8,FIFO,before,3000,1528,0.4906666666666667
random,109,8,FIFO,after,3000,2649,0.11699999999999999
random,109,8,LRU,before,3000,1754,0.41533333333333333
random,109,8,LRU,after,3000,2651,0.11633333333333329
random,109,8,OPT,before,3000,443,0.8523333333333334
random,109,8,OPT,after,3000,1878,0.374
random,109,8,Learned,before,3000,451,0.8496666666666667
random,109,8,Learned,after,3000,2614,0.1286666666666667
random,109,12,FIFO,before,3000,624,0.792
random,109,12,FIFO,after,3000,2453,0.18233333333333335
random,109,12,LRU,before,3000,295,0.9016666666666666
random,109,12,LRU,after,3000,2466,0.17800000000000005
random,109,12,OPT,before,3000,223,0.9256666666666666
random,109,12,OPT,after,3000,1566,0.478
random,109,12,Learned,before,3000,274,0.9086666666666666
random,109,12,Learned,after,3000,2417,0.19433333333333336
random,109,16,FIFO,before,3000,445,0.8516666666666667
random,109,16,FIFO,after,3000,2269,0.2436666666666667
random,109,16,LRU,before,3000,252,0.916
random,109,16,LRU,after,3000,2266,0.2446666666666667
random,109,16,OPT,before,3000,180,0.94
random,109,16,OPT,after,3000,1326,0.558
random,109,16,Learned,before,3000,257,0.9143333333333333
random,109,16,Learned,after,3000,2235,0.255
random,109,24,FIFO,before,3000,302,0.8993333333333333
random,109,24,FIFO,after,3000,1934,0.3553333333333333
random,109,24,LRU,before,3000,212,0.9293333333333333
random,109,24,LRU,after,3000,1918,0.3606666666666667
random,109,24,OPT,before,3000,134,0.9553333333333334
random,109,24,OPT,after,3000,943,0.6856666666666666
random,109,24,Learned,before,3000,221,0.9263333333333333
random,109,24,Learned,after,3000,1877,0.3743333333333333
bursty,100,8,FIFO,before,3000,1516,0.4946666666666667
bursty,100,8,FIFO,after,3000,1361,0.5463333333333333
bursty,100,8,LRU,before,3000,1694,0.43533333333333335
bursty,100,8,LRU,after,3000,1182,0.606
bursty,100,8,OPT,before,3000,423,0.859
bursty,100,8,OPT,after,3000,698,0.7673333333333333
bursty,100,8,Learned,before,3000,431,0.8563333333333334
bursty,100,8,Learned,after,3000,1231,0.5896666666666667
bursty,100,12,FIFO,before,3000,618,0.794
bursty,100,12,FIFO,after,3000,978,0.6739999999999999
bursty,100,12,LRU,before,3000,269,0.9103333333333333
bursty,100,12,LRU,after,3000,728,0.7573333333333333
bursty,100,12,OPT,before,3000,218,0.9273333333333333
bursty,100,12,OPT,after,3000,499,0.8336666666666667
bursty,100,12,Learned,before,3000,261,0.913
bursty,100,12,Learned,after,3000,943,0.6856666666666666
bursty,100,16,FIFO,before,3000,436,0.8546666666666667
bursty,100,16,FIFO,after,3000,789,0.737
bursty,100,16,LRU,before,3000,243,0.919
bursty,100,16,LRU,after,3000,619,0.7936666666666666
bursty,100,16,OPT,before,3000,180,0.94
bursty,100,16,OPT,after,3000,405,0.865
bursty,100,16,Learned,before,3000,238,0.9206666666666666
bursty,100,16,Learned,after,3000,864,0.712
bursty,100,24,FIFO,before,3000,301,0.8996666666666666
bursty,100,24,FIFO,after,3000,551,0.8163333333333334
bursty,100,24,LRU,before,3000,214,0.9286666666666666
bursty,100,24,LRU,after,3000,500,0.8333333333333334
bursty,100,24,OPT,before,3000,132,0.956
bursty,100,24,OPT,after,3000,282,0.906
bursty,100,24,Learned,before,3000,203,0.9323333333333333
bursty,100,24,Learned,after,3000,770,0.7433333333333334
bursty,101,8,FIFO,before,3000,1614,0.46199999999999997
bursty,101,8,FIFO,after,3000,1461,0.513
bursty,101,8,LRU,before,3000,1893,0.369
bursty,101,8,LRU,after,3000,1307,0.5643333333333334
bursty,101,8,OPT,before,3000,486,0.838
bursty,101,8,OPT,after,3000,759,0.747
bursty,101,8,Learned,before,3000,497,0.8343333333333334
bursty,101,8,Learned,after,3000,1266,0.5780000000000001
bursty,101,12,FIFO,before,3000,674,0.7753333333333333
bursty,101,12,FIFO,after,3000,1071,0.643
bursty,101,12,LRU,before,3000,296,0.9013333333333333
bursty,101,12,LRU,after,3000,812,0.7293333333333334
bursty,101,12,OPT,before,3000,240,0.92
bursty,101,12,OPT,after,3000,542,0.8193333333333334
bursty,101,12,Learned,before,3000,302,0.8993333333333333
bursty,101,12,Learned,after,3000,978,0.6739999999999999
bursty,101,16,FIFO,before,3000,487,0.8376666666666667
bursty,101,16,FIFO,after,3000,847,0.7176666666666667
bursty,101,16,LRU,before,3000,274,0.9086666666666666
bursty,101,16,LRU,after,3000,660,0.78
bursty,101,16,OPT,before,3000,195,0.935
bursty,101,16,OPT,after,3000,434,0.8553333333333333
bursty,101,16,Learned,before,3000,279,0.907
bursty,101,16,Learned,after,3000,912,0.696
bursty,101,24,FIFO,before,3000,324,0.892
bursty,101,24,FIFO,after,3000,598,0.8006666666666666
bursty,101,24,LRU,before,3000,229,0.9236666666666666
bursty,101,24,LRU,after,3000,531,0.823
bursty,101,24,OPT,before,3000,149,0.9503333333333334
bursty,101,24,OPT,after,3000,301,0.8996666666666666
bursty,101,24,Learned,before,3000,235,0.9216666666666666
bursty,101,24,Learned,after,3000,800,0.7333333333333334
bursty,102,8,FIFO,before,3000,1636,0.45466666666666666
bursty,102,8,FIFO,after,3000,1414,0.5286666666666666
bursty,102,8,LRU,before,3000,1850,0.3833333333333333
bursty,102,8,LRU,after,3000,1270,0.5766666666666667
bursty,102,8,OPT,before,3000,461,0.8463333333333334
bursty,102,8,OPT,after,3000,728,0.7573333333333333
bursty,102,8,Learned,before,3000,469,0.8436666666666667
bursty,102,8,Learned,after,3000,1261,0.5796666666666667
bursty,102,12,FIFO,before,3000,664,0.7786666666666666
bursty,102,12,FIFO,after,3000,1031,0.6563333333333333
bursty,102,12,LRU,before,3000,292,0.9026666666666667
bursty,102,12,LRU,after,3000,774,0.742
bursty,102,12,OPT,before,3000,235,0.9216666666666666
bursty,102,12,OPT,after,3000,529,0.8236666666666667
bursty,102,12,Learned,before,3000,287,0.9043333333333333
bursty,102,12,Learned,after,3000,960,0.6799999999999999
bursty,102,16,FIFO,before,3000,474,0.842
bursty,102,16,FIFO,after,3000,846,0.718
bursty,102,16,LRU,before,3000,265,0.9116666666666666
bursty,102,16,LRU,after,3000,649,0.7836666666666667
bursty,102,16,OPT,before,3000,193,0.9356666666666666
bursty,102,16,OPT,after,3000,427,0.8576666666666667
bursty,102,16,Learned,before,3000,263,0.9123333333333333
bursty,102,16,Learned,after,3000,890,0.7033333333333334
bursty,102,24,FIFO,before,3000,326,0.8913333333333333
bursty,102,24,FIFO,after,3000,580,0.8066666666666666
bursty,102,24,LRU,before,3000,226,0.9246666666666666
bursty,102,24,LRU,after,3000,545,0.8183333333333334
bursty,102,24,OPT,before,3000,142,0.9526666666666667
bursty,102,24,OPT,after,3000,299,0.9003333333333333
bursty,102,24,Learned,before,3000,218,0.9273333333333333
bursty,102,24,Learned,after,3000,757,0.7476666666666667
bursty,103,8,FIFO,before,3000,1626,0.45799999999999996
bursty,103,8,FIFO,after,3000,1416,0.528
bursty,103,8,LRU,before,3000,1831,0.3896666666666667
bursty,103,8,LRU,after,3000,1222,0.5926666666666667
bursty,103,8,OPT,before,3000,466,0.8446666666666667
bursty,103,8,OPT,after,3000,723,0.759
bursty,103,8,Learned,before,3000,471,0.843
bursty,103,8,Learned,after,3000,1254,0.5820000000000001
bursty,103,12,FIFO,before,3000,686,0.7713333333333333
bursty,103,12,FIFO,after,3000,1018,0.6606666666666667
bursty,103,12,LRU,before,3000,316,0.8946666666666667
bursty,103,12,LRU,after,3000,775,0.7416666666666667
bursty,103,12,OPT,before,3000,240,0.92
bursty,103,12,OPT,after,3000,515,0.8283333333333334
bursty,103,12,Learned,before,3000,297,0.901
bursty,103,12,Learned,after,3000,946,0.6846666666666666
bursty,103,16,FIFO,before,3000,482,0.8393333333333333
bursty,103,16,FIFO,after,3000,814,0.7286666666666667
bursty,103,16,LRU,before,3000,270,0.91
bursty,103,16,LRU,after,3000,621,0.793
bursty,103,16,OPT,before,3000,192,0.9359999999999999
bursty,103,16,OPT,after,3000,409,0.8636666666666667
bursty,103,16,Learned,before,3000,268,0.9106666666666666
bursty,103,16,Learned,after,3000,867,0.7110000000000001
bursty,103,24,FIFO,before,3000,342,0.886
bursty,103,24,FIFO,after,3000,537,0.821
bursty,103,24,LRU,before,3000,234,0.922
bursty,103,24,LRU,after,3000,510,0.83
bursty,103,24,OPT,before,3000,144,0.952
bursty,103,24,OPT,after,3000,277,0.9076666666666666
bursty,103,24,Learned,before,3000,224,0.9253333333333333
bursty,103,24,Learned,after,3000,766,0.7446666666666666
bursty,104,8,FIFO,before,3000,1650,0.44999999999999996
bursty,104,8,FIFO,after,3000,1417,0.5276666666666667
bursty,104,8,LRU,before,3000,1879,0.3736666666666667
bursty,104,8,LRU,after,3000,1243,0.5856666666666667
bursty,104,8,OPT,before,3000,471,0.843
bursty,104,8,OPT,after,3000,727,0.7576666666666667
bursty,104,8,Learned,before,3000,475,0.8416666666666667
bursty,104,8,Learned,after,3000,1237,0.5876666666666667
bursty,104,12,FIFO,before,3000,695,0.7683333333333333
bursty,104,12,FIFO,after,3000,1025,0.6583333333333333
bursty,104,12,LRU,before,3000,300,0.9
bursty,104,12,LRU,after,3000,763,0.7456666666666667
bursty,104,12,OPT,before,3000,235,0.9216666666666666
bursty,104,12,OPT,after,3000,514,0.8286666666666667
bursty,104,12,Learned,before,3000,291,0.903
bursty,104,12,Learned,after,3000,948,0.6839999999999999
bursty,104,16,FIFO,before,3000,463,0.8456666666666667
bursty,104,16,FIFO,after,3000,803,0.7323333333333333
bursty,104,16,LRU,before,3000,266,0.9113333333333333
bursty,104,16,LRU,after,3000,627,0.791
bursty,104,16,OPT,before,3000,186,0.938
bursty,104,16,OPT,after,3000,412,0.8626666666666667
bursty,104,16,Learned,before,3000,267,0.911
bursty,104,16,Learned,after,3000,896,0.7013333333333334
bursty,104,24,FIFO,before,3000,315,0.895
bursty,104,24,FIFO,after,3000,547,0.8176666666666667
bursty,104,24,LRU,before,3000,224,0.9253333333333333
bursty,104,24,LRU,after,3000,503,0.8323333333333334
bursty,104,24,OPT,before,3000,137,0.9543333333333334
bursty,104,24,OPT,after,3000,282,0.906
bursty,104,24,Learned,before,3000,237,0.921
bursty,104,24,Learned,after,3000,777,0.741
bursty,105,8,FIFO,before,3000,1548,0.484
bursty,105,8,FIFO,after,3000,1414,0.5286666666666666
bursty,105,8,LRU,before,3000,1778,0.4073333333333333
bursty,105,8,LRU,after,3000,1252,0.5826666666666667
bursty,105,8,OPT,before,3000,451,0.8496666666666667
bursty,105,8,OPT,after,3000,735,0.755
bursty,105,8,Learned,before,3000,454,0.8486666666666667
bursty,105,8,Learned,after,3000,1233,0.589
bursty,105,12,FIFO,before,3000,664,0.7786666666666666
bursty,105,12,FIFO,after,3000,1021,0.6596666666666666
bursty,105,12,LRU,before,3000,309,0.897
bursty,105,12,LRU,after,3000,782,0.7393333333333334
bursty,105,12,OPT,before,3000,232,0.9226666666666666
bursty,105,12,OPT,after,3000,522,0.8260000000000001
bursty,105,12,Learned,before,3000,283,0.9056666666666666
bursty,105,12,Learned,after,3000,966,0.6779999999999999
bursty,105,16,FIFO,before,3000,484,0.8386666666666667
bursty,105,16,FIFO,after,3000,801,0.733
bursty,105,16,LRU,before,3000,265,0.9116666666666666
bursty,105,16,LRU,after,3000,626,0.7913333333333333
bursty,105,16,OPT,before,3000,189,0.937
bursty,105,16,OPT,after,3000,416,0.8613333333333333
bursty,105,16,Learned,before,3000,256,0.9146666666666666
bursty,105,16,Learned,after,3000,920,0.6933333333333334
bursty,105,24,FIFO,before,3000,318,0.894
bursty,105,24,FIFO,after,3000,552,0.8160000000000001
bursty,105,24,LRU,before,3000,222,0.926
bursty,105,24,LRU,after,3000,515,0.8283333333333334
bursty,105,24,OPT,before,3000,140,0.9533333333333334
bursty,105,24,OPT,after,3000,289,0.9036666666666666
bursty,105,24,Learned,before,3000,223,0.9256666666666666
bursty,105,24,Learned,after,3000,786,0.738
bursty,106,8,FIFO,before,3000,1658,0.44733333333333336
bursty,106,8,FIFO,after,3000,1389,0.5369999999999999
bursty,106,8,LRU,before,3000,1901,0.3663333333333333
bursty,106,8,LRU,after,3000,1220,0.5933333333333333
bursty,106,8,OPT,before,3000,487,0.8376666666666667
bursty,106,8,OPT,after,3000,720,0.76
bursty,106,8,Learned,before,3000,496,0.8346666666666667
bursty,106,8,Learned,after,3000,1213,0.5956666666666667
bursty,106,12,FIFO,before,3000,709,0.7636666666666667
bursty,106,12,FIFO,after,3000,993,0.669
bursty,106,12,LRU,before,3000,327,0.891
bursty,106,12,LRU,after,3000,751,0.7496666666666667
bursty,106,12,OPT,before,3000,251,0.9163333333333333
bursty,106,12,OPT,after,3000,503,0.8323333333333334
bursty,106,12,Learned,before,3000,316,0.8946666666666667
bursty,106,12,Learned,after,3000,948,0.6839999999999999
bursty,106,16,FIFO,before,3000,502,0.8326666666666667
bursty,106,16,FIFO,after,3000,821,0.7263333333333333
bursty,106,16,LRU,before,3000,287,0.9043333333333333
bursty,106,16,LRU,after,3000,624,0.792
bursty,106,16,OPT,before,3000,203,0.9323333333333333
bursty,106,16,OPT,after,3000,405,0.865
bursty,106,16,Learned,before,3000,283,0.9056666666666666
bursty,106,16,Learned,after,3000,874,0.7086666666666667
bursty,106,24,FIFO,before,3000,340,0.8866666666666667
bursty,106,24,FIFO,after,3000,549,0.817
bursty,106,24,LRU,before,3000,239,0.9203333333333333
bursty,106,24,LRU,after,3000,506,0.8313333333333334
bursty,106,24,OPT,before,3000,148,0.9506666666666667
bursty,106,24,OPT,after,3000,285,0.905
bursty,106,24,Learned,before,3000,247,0.9176666666666666
bursty,106,24,Learned,after,3000,751,0.7496666666666667
bursty,107,8,FIFO,before,3000,1731,0.42300000000000004
bursty,107,8,FIFO,after,3000,1444,0.5186666666666666
bursty,107,8,LRU,before,3000,1991,0.3363333333333334
bursty,107,8,LRU,after,3000,1303,0.5656666666666667
bursty,107,8,OPT,before,3000,496,0.8346666666666667
bursty,107,8,OPT,after,3000,763,0.7456666666666667
bursty,107,8,Learned,before,3000,513,0.829
bursty,107,8,Learned,after,3000,1263,0.579
bursty,107,12,FIFO,before,3000,732,0.756
bursty,107,12,FIFO,after,3000,1074,0.642
bursty,107,12,LRU,before,3000,312,0.896
bursty,107,12,LRU,after,3000,839,0.7203333333333333
bursty,107,12,OPT,before,3000,247,0.9176666666666666
bursty,107,12,OPT,after,3000,544,0.8186666666666667
bursty,107,12,Learned,before,3000,309,0.897
bursty,107,12,Learned,after,3000,987,0.671
bursty,107,16,FIFO,before,3000,518,0.8273333333333334
bursty,107,16,FIFO,after,3000,852,0.716
bursty,107,16,LRU,before,3000,285,0.905
bursty,107,16,LRU,after,3000,673,0.7756666666666667
bursty,107,16,OPT,before,3000,202,0.9326666666666666
bursty,107,16,OPT,after,3000,438,0.854
bursty,107,16,Learned,before,3000,291,0.903
bursty,107,16,Learned,after,3000,921,0.6930000000000001
bursty,107,24,FIFO,before,3000,353,0.8823333333333333
bursty,107,24,FIFO,after,3000,614,0.7953333333333333
bursty,107,24,LRU,before,3000,244,0.9186666666666666
bursty,107,24,LRU,after,3000,540,0.8200000000000001
bursty,107,24,OPT,before,3000,151,0.9496666666666667
bursty,107,24,OPT,after,3000,295,0.9016666666666666
bursty,107,24,Learned,before,3000,237,0.921
bursty,107,24,Learned,after,3000,812,0.7293333333333334
bursty,108,8,FIFO,before,3000,1567,0.4776666666666667
bursty,108,8,FIFO,after,3000,1416,0.528
bursty,108,8,LRU,before,3000,1808,0.3973333333333333
bursty,108,8,LRU,after,3000,1259,0.5803333333333334
bursty,108,8,OPT,before,3000,449,0.8503333333333334
bursty,108,8,OPT,after,3000,762,0.746
bursty,108,8,Learned,before,3000,453,0.849
bursty,108,8,Learned,after,3000,1259,0.5803333333333334
bursty,108,12,FIFO,before,3000,657,0.781
bursty,108,12,FIFO,after,3000,1048,0.6506666666666667
bursty,108,12,LRU,before,3000,294,0.902
bursty,108,12,LRU,after,3000,816,0.728
bursty,108,12,OPT,before,3000,228,0.924
bursty,108,12,OPT,after,3000,541,0.8196666666666667
bursty,108,12,Learned,before,3000,285,0.905
bursty,108,12,Learned,after,3000,996,0.6679999999999999
bursty,108,16,FIFO,before,3000,461,0.8463333333333334
bursty,108,16,FIFO,after,3000,844,0.7186666666666667
bursty,108,16,LRU,before,3000,260,0.9133333333333333
bursty,108,16,LRU,after,3000,657,0.781
bursty,108,16,OPT,before,3000,186,0.938
bursty,108,16,OPT,after,3000,435,0.855
bursty,108,16,Learned,before,3000,256,0.9146666666666666
bursty,108,16,Learned,after,3000,925,0.6916666666666667
bursty,108,24,FIFO,before,3000,302,0.8993333333333333
bursty,108,24,FIFO,after,3000,592,0.8026666666666666
bursty,108,24,LRU,before,3000,213,0.929
bursty,108,24,LRU,after,3000,542,0.8193333333333334
bursty,108,24,OPT,before,3000,140,0.9533333333333334
bursty,108,24,OPT,after,3000,297,0.901
bursty,108,24,Learned,before,3000,227,0.9243333333333333
bursty,108,24,Learned,after,3000,807,0.731
bursty,109,8,FIFO,before,3000,1528,0.4906666666666667
bursty,109,8,FIFO,after,3000,1453,0.5156666666666667
bursty,109,8,LRU,before,3000,1754,0.41533333333333333
bursty,109,8,LRU,after,3000,1265,0.5783333333333334
bursty,109,8,OPT,before,3000,443,0.8523333333333334
bursty,109,8,OPT,after,3000,751,0.7496666666666667
bursty,109,8,Learned,before,3000,451,0.8496666666666667
bursty,109,8,Learned,after,3000,1261,0.5796666666666667
bursty,109,12,FIFO,before,3000,624,0.792
bursty,109,12,FIFO,after,3000,1070,0.6433333333333333
bursty,109,12,LRU,before,3000,295,0.9016666666666666
bursty,109,12,LRU,after,3000,818,0.7273333333333334
bursty,109,12,OPT,before,3000,223,0.9256666666666666
bursty,109,12,OPT,after,3000,530,0.8233333333333334
bursty,109,12,Learned,before,3000,274,0.9086666666666666
bursty,109,12,Learned,after,3000,975,0.675
bursty,109,16,FIFO,before,3000,445,0.8516666666666667
bursty,109,16,FIFO,after,3000,834,0.722
bursty,109,16,LRU,before,3000,252,0.916
bursty,109,16,LRU,after,3000,650,0.7833333333333333
bursty,109,16,OPT,before,3000,180,0.94
bursty,109,16,OPT,after,3000,429,0.857
bursty,109,16,Learned,before,3000,257,0.9143333333333333
bursty,109,16,Learned,after,3000,914,0.6953333333333334
bursty,109,24,FIFO,before,3000,302,0.8993333333333333
bursty,109,24,FIFO,after,3000,562,0.8126666666666666
bursty,109,24,LRU,before,3000,212,0.9293333333333333
bursty,109,24,LRU,after,3000,524,0.8253333333333334
bursty,109,24,OPT,before,3000,134,0.9553333333333334
bursty,109,24,OPT,after,3000,291,0.903
bursty,109,24,Learned,before,3000,221,0.9263333333333333
bursty,109,24,Learned,after,3000,797,0.7343333333333333
