scenario,frames,policy,phase,mean_faults,mean_hit,sd_hit,n
random,8,FIFO,before,1607.4,0.46420000000000006,0.022409874366800957,10
random,8,FIFO,after,2622.6,0.1258,0.0052238768064425895,10
random,8,LRU,before,1837.9,0.38736666666666664,0.028233790280092517,10
random,8,LRU,after,2623.7,0.12543333333333334,0.005328817532651735,10
random,8,OPT,before,463.3,0.8455666666666668,0.007544190799205372,10
random,8,OPT,after,1854.6,0.38180000000000003,0.004414342505185401,10
random,8,Learned,before,471.0,0.843,0.008387233096340289,10
random,8,Learned,after,2631.0,0.123,0.004291823981295105,10
random,12,FIFO,before,672.3,0.7758999999999999,0.011795636355747713,10
random,12,FIFO,after,2434.3,0.18856666666666663,0.004966679095187022,10
random,12,LRU,before,301.0,0.8996666666666666,0.005331018015953392,10
random,12,LRU,after,2434.4,0.1885333333333333,0.004605954278411229,10
random,12,OPT,before,234.9,0.9216999999999999,0.0034082325892925876,10
random,12,OPT,after,1547.0,0.4843333333333333,0.00427452979148252,10
random,12,Learned,before,290.5,0.9031666666666667,0.005452941215640825,10
random,12,Learned,after,2445.7,0.18476666666666666,0.008044705336469293,10
random,16,FIFO,before,475.2,0.8416,0.00832488460602931,10
random,16,FIFO,after,2254.6,0.24846666666666667,0.005459616049449584,10
random,16,LRU,before,266.7,0.9111,0.004499794233978732,10
random,16,LRU,after,2248.0,0.2506666666666667,0.004594682917363413,10
random,16,OPT,before,190.6,0.9364666666666667,0.0026768324749160744,10
random,16,OPT,after,1306.3,0.5645666666666667,0.004804961427627449,10
random,16,Learned,before,265.8,0.9114000000000001,0.005165890025260534,10
random,16,Learned,after,2264.2,0.24526666666666666,0.00981658963687317,10
random,24,FIFO,before,322.3,0.8925666666666666,0.006096042027009132,10
random,24,FIFO,after,1873.8,0.3754,0.008292194753330444,10
random,24,LRU,before,225.7,0.9247666666666667,0.0036752424964085675,10
random,24,LRU,after,1882.3,0.3725666666666667,0.007483397261130908,10
random,24,OPT,before,141.7,0.9527666666666667,0.0021259710925644695,10
random,24,OPT,after,928.2,0.6905999999999999,0.0034598223032939737,10
random,24,Learned,before,227.2,0.9242666666666668,0.004129986697733641,10
random,24,Learned,after,1889.6,0.3701333333333333,0.0063502697522173,10
bursty,8,FIFO,before,1607.4,0.46420000000000006,0.022409874366800957,10
bursty,8,FIFO,after,1418.5,0.5271666666666667,0.009862323869087104,10
bursty,8,LRU,before,1837.9,0.38736666666666664,0.028233790280092517,10
bursty,8,LRU,after,1252.3,0.5825666666666667,0.012703698304717554,10
bursty,8,OPT,before,463.3,0.8455666666666668,0.007544190799205372,10
bursty,8,OPT,after,736.6,0.7544666666666666,0.007175403804183169,10
bursty,8,Learned,before,471.0,0.843,0.008387233096340289,10
bursty,8,Learned,after,1247.8,0.5840666666666667,0.005987229207258297,10
bursty,12,FIFO,before,672.3,0.7758999999999999,0.011795636355747713,10
bursty,12,FIFO,after,1032.9,0.6557000000000001,0.010988714749771769,10
bursty,12,LRU,before,301.0,0.8996666666666666,0.005331018015953392,10
bursty,12,LRU,after,785.8,0.7380666666666666,0.011551067504513481,10
bursty,12,OPT,before,234.9,0.9216999999999999,0.0034082325892925876,10
bursty,12,OPT,after,523.9,0.8253666666666668,0.005357468538013317,10
bursty,12,Learned,before,290.5,0.9031666666666667,0.005452941215640825,10
bursty,12,Learned,after,964.7,0.6784333333333332,0.0062480614277500655,10
bursty,16,FIFO,before,475.2,0.8416,0.00832488460602931,10
bursty,16,FIFO,after,825.1,0.7249666666666666,0.007526824457880828,10
bursty,16,LRU,before,266.7,0.9111,0.004499794233978732,10
bursty,16,LRU,after,640.6,0.7864666666666666,0.006458222818648213,10
bursty,16,OPT,before,190.6,0.9364666666666667,0.0026768324749160744,10
bursty,16,OPT,after,421.0,0.8596666666666666,0.004326204963095963,10
bursty,16,Learned,before,265.8,0.9114000000000001,0.005165890025260534,10
bursty,16,Learned,after,898.3,0.7005666666666667,0.007820596421952852,10
bursty,24,FIFO,before,322.3,0.8925666666666666,0.006096042027009132,10
bursty,24,FIFO,after,568.2,0.8106,0.008663532196711501,10
bursty,24,LRU,before,225.7,0.9247666666666667,0.0036752424964085675,10
bursty,24,LRU,after,521.6,0.8261333333333335,0.005698602817715415,10
bursty,24,OPT,before,141.7,0.9527666666666667,0.0021259710925644695,10
bursty,24,OPT,after,289.8,0.9034000000000001,0.002720747900082351,10
bursty,24,Learned,before,227.2,0.9242666666666668,0.004129986697733641,10
bursty,24,Learned,after,782.3,0.7392333333333333,0.007114669248708511,10
