scenario,seed,policy,midpoint,hit_ratio
random,100,FIFO,125,0.8280000000000001
random,100,FIFO,375,0.896
random,100,FIFO,625,0.884
random,100,FIFO,875,0.844
random,100,FIFO,1125,0.832
random,100,FIFO,1375,0.892
random,100,FIFO,1625,0.86
random,100,FIFO,1875,0.812
random,100,FIFO,2125,0.852
random,100,FIFO,2375,0.864
random,100,FIFO,2625,0.896
random,100,FIFO,2875,0.796
random,100,FIFO,3125,0.244
random,100,FIFO,3375,0.26
random,100,FIFO,3625,0.24
random,100,FIFO,3875,0.24
random,100,FIFO,4125,0.23199999999999998
random,100,FIFO,4375,0.24
random,100,FIFO,4625,0.344
random,100,FIFO,4875,0.24
random,100,FIFO,5125,0.22399999999999998
random,100,FIFO,5375,0.268
random,100,FIFO,5625,0.28
random,100,FIFO,5875,0.18400000000000005
random,100,LRU,125,0.892
random,100,LRU,375,0.928
random,100,LRU,625,0.944
random,100,LRU,875,0.908
random,100,LRU,1125,0.916
random,100,LRU,1375,0.9359999999999999
random,100,LRU,1625,0.924
random,100,LRU,1875,0.904
random,100,LRU,2125,0.916
random,100,LRU,2375,0.928
random,100,LRU,2625,0.9359999999999999
random,100,LRU,2875,0.896
random,100,LRU,3125,0.252
random,100,LRU,3375,0.256
random,100,LRU,3625,0.256
random,100,LRU,3875,0.22799999999999998
random,100,LRU,4125,0.252
random,100,LRU,4375,0.21199999999999997
random,100,LRU,4625,0.33199999999999996
random,100,LRU,4875,0.268
random,100,LRU,5125,0.22399999999999998
random,100,LRU,5375,0.268
random,100,LRU,5625,0.30000000000000004
random,100,LRU,5875,0.19599999999999995
random,100,OPT,125,0.892
random,100,OPT,375,0.96
random,100,OPT,625,0.956
random,100,OPT,875,0.94
random,100,OPT,1125,0.9359999999999999
random,100,OPT,1375,0.96
random,100,OPT,1625,0.94
random,100,OPT,1875,0.924
random,100,OPT,2125,0.944
random,100,OPT,2375,0.948
random,100,OPT,2625,0.956
random,100,OPT,2875,0.924
random,100,OPT,3125,0.5640000000000001
random,100,OPT,3375,0.5800000000000001
random,100,OPT,3625,0.536
random,100,OPT,3875,0.5720000000000001
random,100,OPT,4125,0.5680000000000001
random,100,OPT,4375,0.5640000000000001
random,100,OPT,4625,0.6
random,100,OPT,4875,0.5680000000000001
random,100,OPT,5125,0.556
random,100,OPT,5375,0.5840000000000001
random,100,OPT,5625,0.6
random,100,OPT,5875,0.544
random,100,Learned,125,0.888
random,100,Learned,375,0.928
random,100,Learned,625,0.952
random,100,Learned,875,0.904
random,100,Learned,1125,0.912
random,100,Learned,1375,0.94
random,100,Learned,1625,0.92
random,100,Learned,1875,0.92
random,100,Learned,2125,0.928
random,100,Learned,2375,0.928
random,100,Learned,2625,0.9319999999999999
random,100,Learned,2875,0.896
random,100,Learned,3125,0.236
random,100,Learned,3375,0.26
random,100,Learned,3625,0.33999999999999997
random,100,Learned,3875,0.21999999999999997
random,100,Learned,4125,0.26
random,100,Learned,4375,0.236
random,100,Learned,4625,0.264
random,100,Learned,4875,0.26
random,100,Learned,5125,0.19999999999999996
random,100,Learned,5375,0.236
random,100,Learned,5625,0.268
random,100,Learned,5875,0.244
random,101,FIFO,125,0.804
random,101,FIFO,375,0.8280000000000001
random,101,FIFO,625,0.848
random,101,FIFO,875,0.856
random,101,FIFO,1125,0.8240000000000001
random,101,FIFO,1375,0.908
random,101,FIFO,1625,0.852
random,101,FIFO,1875,0.8240000000000001
random,101,FIFO,2125,0.832
random,101,FIFO,2375,0.796
random,101,FIFO,2625,0.8160000000000001
random,101,FIFO,2875,0.864
random,101,FIFO,3125,0.24
random,101,FIFO,3375,0.256
random,101,FIFO,3625,0.22399999999999998
random,101,FIFO,3875,0.22799999999999998
random,101,FIFO,4125,0.24
random,101,FIFO,4375,0.236
random,101,FIFO,4625,0.28
random,101,FIFO,4875,0.24
random,101,FIFO,5125,0.21999999999999997
random,101,FIFO,5375,0.244
random,101,FIFO,5625,0.22399999999999998
random,101,FIFO,5875,0.248
random,101,LRU,125,0.868
random,101,LRU,375,0.9
random,101,LRU,625,0.916
random,101,LRU,875,0.916
random,101,LRU,1125,0.916
random,101,LRU,1375,0.94
random,101,LRU,1625,0.92
random,101,LRU,1875,0.916
random,101,LRU,2125,0.9
random,101,LRU,2375,0.888
random,101,LRU,2625,0.896
random,101,LRU,2875,0.928
random,101,LRU,3125,0.268
random,101,LRU,3375,0.256
random,101,LRU,3625,0.21199999999999997
random,101,LRU,3875,0.244
random,101,LRU,4125,0.24
random,101,LRU,4375,0.20799999999999996
random,101,LRU,4625,0.28800000000000003
random,101,LRU,4875,0.24
random,101,LRU,5125,0.21999999999999997
random,101,LRU,5375,0.252
random,101,LRU,5625,0.236
random,101,LRU,5875,0.256
random,101,OPT,125,0.884
random,101,OPT,375,0.9319999999999999
random,101,OPT,625,0.956
random,101,OPT,875,0.948
random,101,OPT,1125,0.9319999999999999
random,101,OPT,1375,0.952
random,101,OPT,1625,0.952
random,101,OPT,1875,0.9319999999999999
random,101,OPT,2125,0.9319999999999999
random,101,OPT,2375,0.924
random,101,OPT,2625,0.924
random,101,OPT,2875,0.952
random,101,OPT,3125,0.5720000000000001
random,101,OPT,3375,0.5680000000000001
random,101,OPT,3625,0.544
random,101,OPT,3875,0.548
random,101,OPT,4125,0.5680000000000001
random,101,OPT,4375,0.556
random,101,OPT,4625,0.5920000000000001
random,101,OPT,4875,0.556
random,101,OPT,5125,0.544
random,101,OPT,5375,0.556
random,101,OPT,5625,0.552
random,101,OPT,5875,0.5800000000000001
random,101,Learned,125,0.864
random,101,Learned,375,0.916
random,101,Learned,625,0.924
random,101,Learned,875,0.9
random,101,Learned,1125,0.896
random,101,Learned,1375,0.924
random,101,Learned,1625,0.928
random,101,Learned,1875,0.912
random,101,Learned,2125,0.9
random,101,Learned,2375,0.9
random,101,Learned,2625,0.9
random,101,Learned,2875,0.92
random,101,Learned,3125,0.22799999999999998
random,101,Learned,3375,0.248
random,101,Learned,3625,0.22799999999999998
random,101,Learned,3875,0.21599999999999997
random,101,Learned,4125,0.21599999999999997
random,101,Learned,4375,0.22399999999999998
random,101,Learned,4625,0.248
random,101,Learned,4875,0.244
random,101,Learned,5125,0.18000000000000005
random,101,Learned,5375,0.22799999999999998
random,101,Learned,5625,0.24
random,101,Learned,5875,0.22399999999999998
random,102,FIFO,125,0.872
random,102,FIFO,375,0.844
random,102,FIFO,625,0.812
random,102,FIFO,875,0.856
random,102,FIFO,1125,0.852
random,102,FIFO,1375,0.8
random,102,FIFO,1625,0.792
random,102,FIFO,1875,0.856
random,102,FIFO,2125,0.796
random,102,FIFO,2375,0.88
random,102,FIFO,2625,0.88
random,102,FIFO,2875,0.864
random,102,FIFO,3125,0.256
random,102,FIFO,3375,0.22799999999999998
random,102,FIFO,3625,0.276
random,102,FIFO,3875,0.264
random,102,FIFO,4125,0.19199999999999995
random,102,FIFO,4375,0.26
random,102,FIFO,4625,0.244
random,102,FIFO,4875,0.20799999999999996
random,102,FIFO,5125,0.26
random,102,FIFO,5375,0.264
random,102,FIFO,5625,0.236
random,102,FIFO,5875,0.23199999999999998
random,102,LRU,125,0.904
random,102,LRU,375,0.916
random,102,LRU,625,0.9
random,102,LRU,875,0.92
random,102,LRU,1125,0.92
random,102,LRU,1375,0.892
random,102,LRU,1625,0.888
random,102,LRU,1875,0.92
random,102,LRU,2125,0.892
random,102,LRU,2375,0.9319999999999999
random,102,LRU,2625,0.928
random,102,LRU,2875,0.928
random,102,LRU,3125,0.24
random,102,LRU,3375,0.244
random,102,LRU,3625,0.29200000000000004
random,102,LRU,3875,0.272
random,102,LRU,4125,0.19199999999999995
random,102,LRU,4375,0.272
random,102,LRU,4625,0.268
random,102,LRU,4875,0.22399999999999998
random,102,LRU,5125,0.276
random,102,LRU,5375,0.26
random,102,LRU,5625,0.23199999999999998
random,102,LRU,5875,0.248
random,102,OPT,125,0.908
random,102,OPT,375,0.94
random,102,OPT,625,0.94
random,102,OPT,875,0.94
random,102,OPT,1125,0.948
random,102,OPT,1375,0.924
random,102,OPT,1625,0.924
random,102,OPT,1875,0.94
random,102,OPT,2125,0.924
random,102,OPT,2375,0.948
random,102,OPT,2625,0.952
random,102,OPT,2875,0.94
random,102,OPT,3125,0.544
random,102,OPT,3375,0.536
random,102,OPT,3625,0.5880000000000001
random,102,OPT,3875,0.5920000000000001
random,102,OPT,4125,0.544
random,102,OPT,4375,0.5640000000000001
random,102,OPT,4625,0.5800000000000001
random,102,OPT,4875,0.532
random,102,OPT,5125,0.5680000000000001
random,102,OPT,5375,0.5760000000000001
random,102,OPT,5625,0.544
random,102,OPT,5875,0.556
random,102,Learned,125,0.9
random,102,Learned,375,0.912
random,102,Learned,625,0.9
random,102,Learned,875,0.928
random,102,Learned,1125,0.916
random,102,Learned,1375,0.892
random,102,Learned,1625,0.896
random,102,Learned,1875,0.92
random,102,Learned,2125,0.908
random,102,Learned,2375,0.928
random,102,Learned,2625,0.9319999999999999
random,102,Learned,2875,0.916
random,102,Learned,3125,0.22799999999999998
random,102,Learned,3375,0.23199999999999998
random,102,Learned,3625,0.22799999999999998
random,102,Learned,3875,0.272
random,102,Learned,4125,0.23199999999999998
random,102,Learned,4375,0.276
random,102,Learned,4625,0.28
random,102,Learned,4875,0.22399999999999998
random,102,Learned,5125,0.24
random,102,Learned,5375,0.26
random,102,Learned,5625,0.30800000000000005
random,102,Learned,5875,0.28
random,103,FIFO,125,0.808
random,103,FIFO,375,0.796
random,103,FIFO,625,0.8240000000000001
random,103,FIFO,875,0.876
random,103,FIFO,1125,0.88
random,103,FIFO,1375,0.804
random,103,FIFO,1625,0.856
random,103,FIFO,1875,0.848
random,103,FIFO,2125,0.784
random,103,FIFO,2375,0.868
random,103,FIFO,2625,0.92
random,103,FIFO,2875,0.808
random,103,FIFO,3125,0.264
random,103,FIFO,3375,0.256
random,103,FIFO,3625,0.248
random,103,FIFO,3875,0.29600000000000004
random,103,FIFO,4125,0.272
random,103,FIFO,4375,0.19599999999999995
random,103,FIFO,4625,0.21999999999999997
random,103,FIFO,4875,0.252
random,103,FIFO,5125,0.248
random,103,FIFO,5375,0.252
random,103,FIFO,5625,0.22799999999999998
random,103,FIFO,5875,0.26
random,103,LRU,125,0.872
random,103,LRU,375,0.892
random,103,LRU,625,0.896
random,103,LRU,875,0.9319999999999999
random,103,LRU,1125,0.928
random,103,LRU,1375,0.9
random,103,LRU,1625,0.92
random,103,LRU,1875,0.912
random,103,LRU,2125,0.88
random,103,LRU,2375,0.9319999999999999
random,103,LRU,2625,0.952
random,103,LRU,2875,0.904
random,103,LRU,3125,0.24
random,103,LRU,3375,0.256
random,103,LRU,3625,0.244
random,103,LRU,3875,0.31599999999999995
random,103,LRU,4125,0.264
random,103,LRU,4375,0.19199999999999995
random,103,LRU,4625,0.236
random,103,LRU,4875,0.26
random,103,LRU,5125,0.256
random,103,LRU,5375,0.268
random,103,LRU,5625,0.22399999999999998
random,103,LRU,5875,0.256
random,103,OPT,125,0.888
random,103,OPT,375,0.92
random,103,OPT,625,0.924
random,103,OPT,875,0.96
random,103,OPT,1125,0.948
random,103,OPT,1375,0.928
random,103,OPT,1625,0.952
random,103,OPT,1875,0.9359999999999999
random,103,OPT,2125,0.92
random,103,OPT,2375,0.956
random,103,OPT,2625,0.96
random,103,OPT,2875,0.94
random,103,OPT,3125,0.5680000000000001
random,103,OPT,3375,0.56
random,103,OPT,3625,0.5840000000000001
random,103,OPT,3875,0.5760000000000001
random,103,OPT,4125,0.5720000000000001
random,103,OPT,4375,0.512
random,103,OPT,4625,0.5640000000000001
random,103,OPT,4875,0.5640000000000001
random,103,OPT,5125,0.5720000000000001
random,103,OPT,5375,0.5720000000000001
random,103,OPT,5625,0.544
random,103,OPT,5875,0.5800000000000001
random,103,Learned,125,0.868
random,103,Learned,375,0.892
random,103,Learned,625,0.904
random,103,Learned,875,0.9359999999999999
random,103,Learned,1125,0.9319999999999999
random,103,Learned,1375,0.88
random,103,Learned,1625,0.912
random,103,Learned,1875,0.916
random,103,Learned,2125,0.888
random,103,Learned,2375,0.94
random,103,Learned,2625,0.948
random,103,Learned,2875,0.912
random,103,Learned,3125,0.23199999999999998
random,103,Learned,3375,0.236
random,103,Learned,3625,0.26
random,103,Learned,3875,0.256
random,103,Learned,4125,0.22399999999999998
random,103,Learned,4375,0.19599999999999995
random,103,Learned,4625,0.256
random,103,Learned,4875,0.23199999999999998
random,103,Learned,5125,0.272
random,103,Learned,5375,0.248
random,103,Learned,5625,0.21599999999999997
random,103,Learned,5875,0.22399999999999998
random,104,FIFO,125,0.864
random,104,FIFO,375,0.792
random,104,FIFO,625,0.868
random,104,FIFO,875,0.848
random,104,FIFO,1125,0.796
random,104,FIFO,1375,0.86
random,104,FIFO,1625,0.864
random,104,FIFO,1875,0.8280000000000001
random,104,FIFO,2125,0.8160000000000001
random,104,FIFO,2375,0.864
random,104,FIFO,2625,0.848
random,104,FIFO,2875,0.9
random,104,FIFO,3125,0.29600000000000004
random,104,FIFO,3375,0.268
random,104,FIFO,3625,0.21599999999999997
random,104,FIFO,3875,0.256
random,104,FIFO,4125,0.21599999999999997
random,104,FIFO,4375,0.272
random,104,FIFO,4625,0.28
random,104,FIFO,4875,0.236
random,104,FIFO,5125,0.21199999999999997
random,104,FIFO,5375,0.24
random,104,FIFO,5625,0.19599999999999995
random,104,FIFO,5875,0.272
random,104,LRU,125,0.896
random,104,LRU,375,0.888
random,104,LRU,625,0.9319999999999999
random,104,LRU,875,0.912
random,104,LRU,1125,0.892
random,104,LRU,1375,0.912
random,104,LRU,1625,0.924
random,104,LRU,1875,0.896
random,104,LRU,2125,0.92
random,104,LRU,2375,0.924
random,104,LRU,2625,0.908
random,104,LRU,2875,0.9319999999999999
random,104,LRU,3125,0.30400000000000005
random,104,LRU,3375,0.272
random,104,LRU,3625,0.22399999999999998
random,104,LRU,3875,0.268
random,104,LRU,4125,0.22399999999999998
random,104,LRU,4375,0.268
random,104,LRU,4625,0.30000000000000004
random,104,LRU,4875,0.21599999999999997
random,104,LRU,5125,0.21999999999999997
random,104,LRU,5375,0.256
random,104,LRU,5625,0.18400000000000005
random,104,LRU,5875,0.268
random,104,OPT,125,0.9
random,104,OPT,375,0.928
random,104,OPT,625,0.96
random,104,OPT,875,0.94
random,104,OPT,1125,0.924
random,104,OPT,1375,0.948
random,104,OPT,1625,0.944
random,104,OPT,1875,0.924
random,104,OPT,2125,0.948
random,104,OPT,2375,0.948
random,104,OPT,2625,0.9359999999999999
random,104,OPT,2875,0.956
random,104,OPT,3125,0.5800000000000001
random,104,OPT,3375,0.5800000000000001
random,104,OPT,3625,0.536
random,104,OPT,3875,0.5720000000000001
random,104,OPT,4125,0.5720000000000001
random,104,OPT,4375,0.5640000000000001
random,104,OPT,4625,0.5920000000000001
random,104,OPT,4875,0.536
random,104,OPT,5125,0.556
random,104,OPT,5375,0.5800000000000001
random,104,OPT,5625,0.54
random,104,OPT,5875,0.5840000000000001
random,104,Learned,125,0.9
random,104,Learned,375,0.892
random,104,Learned,625,0.928
random,104,Learned,875,0.912
random,104,Learned,1125,0.9
random,104,Learned,1375,0.916
random,104,Learned,1625,0.928
random,104,Learned,1875,0.888
random,104,Learned,2125,0.9
random,104,Learned,2375,0.9319999999999999
random,104,Learned,2625,0.908
random,104,Learned,2875,0.928
random,104,Learned,3125,0.244
random,104,Learned,3375,0.236
random,104,Learned,3625,0.268
random,104,Learned,3875,0.21599999999999997
random,104,Learned,4125,0.252
random,104,Learned,4375,0.20799999999999996
random,104,Learned,4625,0.24
random,104,Learned,4875,0.20799999999999996
random,104,Learned,5125,0.236
random,104,Learned,5375,0.22399999999999998
random,104,Learned,5625,0.21199999999999997
random,104,Learned,5875,0.268
random,105,FIFO,125,0.86
random,105,FIFO,375,0.876
random,105,FIFO,625,0.8
random,105,FIFO,875,0.856
random,105,FIFO,1125,0.848
random,105,FIFO,1375,0.788
random,105,FIFO,1625,0.868
random,105,FIFO,1875,0.808
random,105,FIFO,2125,0.84
random,105,FIFO,2375,0.84
random,105,FIFO,2625,0.88
random,105,FIFO,2875,0.8
random,105,FIFO,3125,0.22799999999999998
random,105,FIFO,3375,0.22399999999999998
random,105,FIFO,3625,0.28
random,105,FIFO,3875,0.28
random,105,FIFO,4125,0.264
random,105,FIFO,4375,0.26
random,105,FIFO,4625,0.28
random,105,FIFO,4875,0.28400000000000003
random,105,FIFO,5125,0.264
random,105,FIFO,5375,0.264
random,105,FIFO,5625,0.244
random,105,FIFO,5875,0.236
random,105,LRU,125,0.9
random,105,LRU,375,0.9359999999999999
random,105,LRU,625,0.896
random,105,LRU,875,0.92
random,105,LRU,1125,0.912
random,105,LRU,1375,0.884
random,105,LRU,1625,0.9319999999999999
random,105,LRU,1875,0.908
random,105,LRU,2125,0.908
random,105,LRU,2375,0.916
random,105,LRU,2625,0.9319999999999999
random,105,LRU,2875,0.896
random,105,LRU,3125,0.24
random,105,LRU,3375,0.22399999999999998
random,105,LRU,3625,0.31200000000000006
random,105,LRU,3875,0.28
random,105,LRU,4125,0.26
random,105,LRU,4375,0.24
random,105,LRU,4625,0.28400000000000003
random,105,LRU,4875,0.264
random,105,LRU,5125,0.264
random,105,LRU,5375,0.268
random,105,LRU,5625,0.24
random,105,LRU,5875,0.23199999999999998
random,105,OPT,125,0.9
random,105,OPT,375,0.948
random,105,OPT,625,0.9319999999999999
random,105,OPT,875,0.948
random,105,OPT,1125,0.94
random,105,OPT,1375,0.916
random,105,OPT,1625,0.956
random,105,OPT,1875,0.944
random,105,OPT,2125,0.944
random,105,OPT,2375,0.9319999999999999
random,105,OPT,2625,0.96
random,105,OPT,2875,0.924
random,105,OPT,3125,0.5640000000000001
random,105,OPT,3375,0.56
random,105,OPT,3625,0.612
random,105,OPT,3875,0.5680000000000001
random,105,OPT,4125,0.5680000000000001
random,105,OPT,4375,0.5760000000000001
random,105,OPT,4625,0.5840000000000001
random,105,OPT,4875,0.56
random,105,OPT,5125,0.5880000000000001
random,105,OPT,5375,0.5640000000000001
random,105,OPT,5625,0.5920000000000001
random,105,OPT,5875,0.556
random,105,Learned,125,0.892
random,105,Learned,375,0.94
random,105,Learned,625,0.908
random,105,Learned,875,0.924
random,105,Learned,1125,0.924
random,105,Learned,1375,0.888
random,105,Learned,1625,0.94
random,105,Learned,1875,0.9
random,105,Learned,2125,0.912
random,105,Learned,2375,0.892
random,105,Learned,2625,0.944
random,105,Learned,2875,0.912
random,105,Learned,3125,0.22399999999999998
random,105,Learned,3375,0.22399999999999998
random,105,Learned,3625,0.264
random,105,Learned,3875,0.276
random,105,Learned,4125,0.20799999999999996
random,105,Learned,4375,0.21199999999999997
random,105,Learned,4625,0.22799999999999998
random,105,Learned,4875,0.28800000000000003
random,105,Learned,5125,0.236
random,105,Learned,5375,0.26
random,105,Learned,5625,0.348
random,105,Learned,5875,0.20799999999999996
random,106,FIFO,125,0.78
random,106,FIFO,375,0.84
random,106,FIFO,625,0.8160000000000001
random,106,FIFO,875,0.8
random,106,FIFO,1125,0.872
random,106,FIFO,1375,0.836
random,106,FIFO,1625,0.8200000000000001
random,106,FIFO,1875,0.864
random,106,FIFO,2125,0.8240000000000001
random,106,FIFO,2375,0.856
random,106,FIFO,2625,0.836
random,106,FIFO,2875,0.848
random,106,FIFO,3125,0.272
random,106,FIFO,3375,0.24
random,106,FIFO,3625,0.22799999999999998
random,106,FIFO,3875,0.28
random,106,FIFO,4125,0.26
random,106,FIFO,4375,0.28800000000000003
random,106,FIFO,4625,0.19199999999999995
random,106,FIFO,4875,0.248
random,106,FIFO,5125,0.264
random,106,FIFO,5375,0.244
random,106,FIFO,5625,0.24
random,106,FIFO,5875,0.264
random,106,LRU,125,0.852
random,106,LRU,375,0.908
random,106,LRU,625,0.892
random,106,LRU,875,0.896
random,106,LRU,1125,0.9319999999999999
random,106,LRU,1375,0.904
random,106,LRU,1625,0.912
random,106,LRU,1875,0.916
random,106,LRU,2125,0.9
random,106,LRU,2375,0.916
random,106,LRU,2625,0.908
random,106,LRU,2875,0.916
random,106,LRU,3125,0.28400000000000003
random,106,LRU,3375,0.24
random,106,LRU,3625,0.23199999999999998
random,106,LRU,3875,0.256
random,106,LRU,4125,0.256
random,106,LRU,4375,0.24
random,106,LRU,4625,0.18799999999999994
random,106,LRU,4875,0.236
random,106,LRU,5125,0.272
random,106,LRU,5375,0.252
random,106,LRU,5625,0.248
random,106,LRU,5875,0.268
random,106,OPT,125,0.872
random,106,OPT,375,0.94
random,106,OPT,625,0.92
random,106,OPT,875,0.9319999999999999
random,106,OPT,1125,0.956
random,106,OPT,1375,0.9359999999999999
random,106,OPT,1625,0.944
random,106,OPT,1875,0.94
random,106,OPT,2125,0.9359999999999999
random,106,OPT,2375,0.944
random,106,OPT,2625,0.9359999999999999
random,106,OPT,2875,0.9319999999999999
random,106,OPT,3125,0.5840000000000001
random,106,OPT,3375,0.5760000000000001
random,106,OPT,3625,0.548
random,106,OPT,3875,0.604
random,106,OPT,4125,0.5640000000000001
random,106,OPT,4375,0.5760000000000001
random,106,OPT,4625,0.52
random,106,OPT,4875,0.5640000000000001
random,106,OPT,5125,0.5640000000000001
random,106,OPT,5375,0.5720000000000001
random,106,OPT,5625,0.548
random,106,OPT,5875,0.5720000000000001
random,106,Learned,125,0.86
random,106,Learned,375,0.908
random,106,Learned,625,0.904
random,106,Learned,875,0.9
random,106,Learned,1125,0.9319999999999999
random,106,Learned,1375,0.896
random,106,Learned,1625,0.908
random,106,Learned,1875,0.916
random,106,Learned,2125,0.9
random,106,Learned,2375,0.912
random,106,Learned,2625,0.912
random,106,Learned,2875,0.92
random,106,Learned,3125,0.31999999999999995
random,106,Learned,3375,0.24
random,106,Learned,3625,0.23199999999999998
random,106,Learned,3875,0.22799999999999998
random,106,Learned,4125,0.252
random,106,Learned,4375,0.236
random,106,Learned,4625,0.21599999999999997
random,106,Learned,4875,0.18799999999999994
random,106,Learned,5125,0.244
random,106,Learned,5375,0.248
random,106,Learned,5625,0.28400000000000003
random,106,Learned,5875,0.28800000000000003
random,107,FIFO,125,0.804
random,107,FIFO,375,0.868
random,107,FIFO,625,0.868
random,107,FIFO,875,0.804
random,107,FIFO,1125,0.8240000000000001
random,107,FIFO,1375,0.804
random,107,FIFO,1625,0.808
random,107,FIFO,1875,0.8280000000000001
random,107,FIFO,2125,0.8200000000000001
random,107,FIFO,2375,0.888
random,107,FIFO,2625,0.752
random,107,FIFO,2875,0.86
random,107,FIFO,3125,0.20799999999999996
random,107,FIFO,3375,0.272
random,107,FIFO,3625,0.28800000000000003
random,107,FIFO,3875,0.248
random,107,FIFO,4125,0.24
random,107,FIFO,4375,0.24
random,107,FIFO,4625,0.21199999999999997
random,107,FIFO,4875,0.20399999999999996
random,107,FIFO,5125,0.264
random,107,FIFO,5375,0.23199999999999998
random,107,FIFO,5625,0.28400000000000003
random,107,FIFO,5875,0.28800000000000003
random,107,LRU,125,0.868
random,107,LRU,375,0.928
random,107,LRU,625,0.928
random,107,LRU,875,0.896
random,107,LRU,1125,0.904
random,107,LRU,1375,0.888
random,107,LRU,1625,0.908
random,107,LRU,1875,0.904
random,107,LRU,2125,0.908
random,107,LRU,2375,0.9319999999999999
random,107,LRU,2625,0.872
random,107,LRU,2875,0.924
random,107,LRU,3125,0.20399999999999996
random,107,LRU,3375,0.28400000000000003
random,107,LRU,3625,0.268
random,107,LRU,3875,0.244
random,107,LRU,4125,0.22799999999999998
random,107,LRU,4375,0.252
random,107,LRU,4625,0.21599999999999997
random,107,LRU,4875,0.20399999999999996
random,107,LRU,5125,0.28800000000000003
random,107,LRU,5375,0.244
random,107,LRU,5625,0.29200000000000004
random,107,LRU,5875,0.29200000000000004
random,107,OPT,125,0.88
random,107,OPT,375,0.948
random,107,OPT,625,0.956
random,107,OPT,875,0.916
random,107,OPT,1125,0.9319999999999999
random,107,OPT,1375,0.9319999999999999
random,107,OPT,1625,0.94
random,107,OPT,1875,0.928
random,107,OPT,2125,0.944
random,107,OPT,2375,0.956
random,107,OPT,2625,0.904
random,107,OPT,2875,0.956
random,107,OPT,3125,0.544
random,107,OPT,3375,0.5640000000000001
random,107,OPT,3625,0.5720000000000001
random,107,OPT,3875,0.556
random,107,OPT,4125,0.5680000000000001
random,107,OPT,4375,0.5680000000000001
random,107,OPT,4625,0.532
random,107,OPT,4875,0.544
random,107,OPT,5125,0.5680000000000001
random,107,OPT,5375,0.548
random,107,OPT,5625,0.5880000000000001
random,107,OPT,5875,0.5840000000000001
random,107,Learned,125,0.868
random,107,Learned,375,0.916
random,107,Learned,625,0.924
random,107,Learned,875,0.896
random,107,Learned,1125,0.904
random,107,Learned,1375,0.888
random,107,Learned,1625,0.9
random,107,Learned,1875,0.908
random,107,Learned,2125,0.912
random,107,Learned,2375,0.9359999999999999
random,107,Learned,2625,0.86
random,107,Learned,2875,0.924
random,107,Learned,3125,0.21599999999999997
random,107,Learned,3375,0.236
random,107,Learned,3625,0.256
random,107,Learned,3875,0.272
random,107,Learned,4125,0.21999999999999997
random,107,Learned,4375,0.252
random,107,Learned,4625,0.21999999999999997
random,107,Learned,4875,0.236
random,107,Learned,5125,0.248
random,107,Learned,5375,0.272
random,107,Learned,5625,0.26
random,107,Learned,5875,0.20399999999999996
random,108,FIFO,125,0.804
random,108,FIFO,375,0.844
random,108,FIFO,625,0.864
random,108,FIFO,875,0.848
random,108,FIFO,1125,0.8240000000000001
random,108,FIFO,1375,0.888
random,108,FIFO,1625,0.852
random,108,FIFO,1875,0.836
random,108,FIFO,2125,0.844
random,108,FIFO,2375,0.84
random,108,FIFO,2625,0.804
random,108,FIFO,2875,0.908
random,108,FIFO,3125,0.21999999999999997
random,108,FIFO,3375,0.264
random,108,FIFO,3625,0.28800000000000003
random,108,FIFO,3875,0.28400000000000003
random,108,FIFO,4125,0.21599999999999997
random,108,FIFO,4375,0.28800000000000003
random,108,FIFO,4625,0.264
random,108,FIFO,4875,0.26
random,108,FIFO,5125,0.22799999999999998
random,108,FIFO,5375,0.22799999999999998
random,108,FIFO,5625,0.24
random,108,FIFO,5875,0.256
random,108,LRU,125,0.868
random,108,LRU,375,0.916
random,108,LRU,625,0.9319999999999999
random,108,LRU,875,0.912
random,108,LRU,1125,0.912
random,108,LRU,1375,0.928
random,108,LRU,1625,0.916
random,108,LRU,1875,0.92
random,108,LRU,2125,0.916
random,108,LRU,2375,0.9
random,108,LRU,2625,0.9
random,108,LRU,2875,0.94
random,108,LRU,3125,0.236
random,108,LRU,3375,0.26
random,108,LRU,3625,0.28400000000000003
random,108,LRU,3875,0.272
random,108,LRU,4125,0.22399999999999998
random,108,LRU,4375,0.28800000000000003
random,108,LRU,4625,0.252
random,108,LRU,4875,0.26
random,108,LRU,5125,0.21999999999999997
random,108,LRU,5375,0.248
random,108,LRU,5625,0.23199999999999998
random,108,LRU,5875,0.272
random,108,OPT,125,0.876
random,108,OPT,375,0.952
random,108,OPT,625,0.952
random,108,OPT,875,0.948
random,108,OPT,1125,0.928
random,108,OPT,1375,0.956
random,108,OPT,1625,0.94
random,108,OPT,1875,0.94
random,108,OPT,2125,0.94
random,108,OPT,2375,0.9319999999999999
random,108,OPT,2625,0.9359999999999999
random,108,OPT,2875,0.956
random,108,OPT,3125,0.532
random,108,OPT,3375,0.5800000000000001
random,108,OPT,3625,0.5920000000000001
random,108,OPT,3875,0.5680000000000001
random,108,OPT,4125,0.528
random,108,OPT,4375,0.5800000000000001
random,108,OPT,4625,0.5640000000000001
random,108,OPT,4875,0.5840000000000001
random,108,OPT,5125,0.5680000000000001
random,108,OPT,5375,0.5680000000000001
random,108,OPT,5625,0.544
random,108,OPT,5875,0.5680000000000001
random,108,Learned,125,0.876
random,108,Learned,375,0.924
random,108,Learned,625,0.928
random,108,Learned,875,0.904
random,108,Learned,1125,0.92
random,108,Learned,1375,0.9319999999999999
random,108,Learned,1625,0.916
random,108,Learned,1875,0.904
random,108,Learned,2125,0.92
random,108,Learned,2375,0.9
random,108,Learned,2625,0.916
random,108,Learned,2875,0.9359999999999999
random,108,Learned,3125,0.21199999999999997
random,108,Learned,3375,0.29600000000000004
random,108,Learned,3625,0.264
random,108,Learned,3875,0.276
random,108,Learned,4125,0.272
random,108,Learned,4375,0.21999999999999997
random,108,Learned,4625,0.20399999999999996
random,108,Learned,4875,0.30800000000000005
random,108,Learned,5125,0.252
random,108,Learned,5375,0.28400000000000003
random,108,Learned,5625,0.24
random,108,Learned,5875,0.22799999999999998
random,109,FIFO,125,0.872
random,109,FIFO,375,0.864
random,109,FIFO,625,0.864
random,109,FIFO,875,0.8200000000000001
random,109,FIFO,1125,0.8
random,109,FIFO,1375,0.86
random,109,FIFO,1625,0.856
random,109,FIFO,1875,0.86
random,109,FIFO,2125,0.804
random,109,FIFO,2375,0.836
random,109,FIFO,2625,0.864
random,109,FIFO,2875,0.92
random,109,FIFO,3125,0.244
random,109,FIFO,3375,0.264
random,109,FIFO,3625,0.21199999999999997
random,109,FIFO,3875,0.22799999999999998
random,109,FIFO,4125,0.21999999999999997
random,109,FIFO,4375,0.24
random,109,FIFO,4625,0.236
random,109,FIFO,4875,0.264
random,109,FIFO,5125,0.256
random,109,FIFO,5375,0.29200000000000004
random,109,FIFO,5625,0.236
random,109,FIFO,5875,0.23199999999999998
random,109,LRU,125,0.904
random,109,LRU,375,0.928
random,109,LRU,625,0.924
random,109,LRU,875,0.9
random,109,LRU,1125,0.896
random,109,LRU,1375,0.924
random,109,LRU,1625,0.928
random,109,LRU,1875,0.92
random,109,LRU,2125,0.88
random,109,LRU,2375,0.908
random,109,LRU,2625,0.928
random,109,LRU,2875,0.952
random,109,LRU,3125,0.256
random,109,LRU,3375,0.28
random,109,LRU,3625,0.21999999999999997
random,109,LRU,3875,0.236
random,109,LRU,4125,0.22399999999999998
random,109,LRU,4375,0.24
random,109,LRU,4625,0.24
random,109,LRU,4875,0.272
random,109,LRU,5125,0.24
random,109,LRU,5375,0.276
random,109,LRU,5625,0.236
random,109,LRU,5875,0.21599999999999997
random,109,OPT,125,0.904
random,109,OPT,375,0.94
random,109,OPT,625,0.952
random,109,OPT,875,0.9319999999999999
random,109,OPT,1125,0.928
random,109,OPT,1375,0.948
random,109,OPT,1625,0.944
random,109,OPT,1875,0.952
random,109,OPT,2125,0.92
random,109,OPT,2375,0.94
random,109,OPT,2625,0.948
random,109,OPT,2875,0.972
random,109,OPT,3125,0.54
random,109,OPT,3375,0.5840000000000001
random,109,OPT,3625,0.54
random,109,OPT,3875,0.556
random,109,OPT,4125,0.544
random,109,OPT,4375,0.56
random,109,OPT,4625,0.548
random,109,OPT,4875,0.5640000000000001
random,109,OPT,5125,0.5840000000000001
random,109,OPT,5375,0.5760000000000001
random,109,OPT,5625,0.536
random,109,OPT,5875,0.5640000000000001
random,109,Learned,125,0.904
random,109,Learned,375,0.9359999999999999
random,109,Learned,625,0.928
random,109,Learned,875,0.896
random,109,Learned,1125,0.908
random,109,Learned,1375,0.92
random,109,Learned,1625,0.924
random,109,Learned,1875,0.908
random,109,Learned,2125,0.876
random,109,Learned,2375,0.896
random,109,Learned,2625,0.9319999999999999
random,109,Learned,2875,0.944
random,109,Learned,3125,0.244
random,109,Learned,3375,0.272
random,109,Learned,3625,0.22799999999999998
random,109,Learned,3875,0.28
random,109,Learned,4125,0.22399999999999998
random,109,Learned,4375,0.264
random,109,Learned,4625,0.256
random,109,Learned,4875,0.28400000000000003
random,109,Learned,5125,0.256
random,109,Learned,5375,0.256
random,109,Learned,5625,0.268
random,109,Learned,5875,0.22799999999999998
bursty,100,FIFO,125,0.8280000000000001
bursty,100,FIFO,375,0.896
bursty,100,FIFO,625,0.884
bursty,100,FIFO,875,0.844
bursty,100,FIFO,1125,0.832
bursty,100,FIFO,1375,0.892
bursty,100,FIFO,1625,0.86
bursty,100,FIFO,1875,0.812
bursty,100,FIFO,2125,0.852
bursty,100,FIFO,2375,0.864
bursty,100,FIFO,2625,0.896
bursty,100,FIFO,2875,0.796
bursty,100,FIFO,3125,0.72
bursty,100,FIFO,3375,0.732
bursty,100,FIFO,3625,0.74
bursty,100,FIFO,3875,0.756
bursty,100,FIFO,4125,0.744
bursty,100,FIFO,4375,0.708
bursty,100,FIFO,4625,0.76
bursty,100,FIFO,4875,0.732
bursty,100,FIFO,5125,0.696
bursty,100,FIFO,5375,0.72
bursty,100,FIFO,5625,0.748
bursty,100,FIFO,5875,0.788
bursty,100,LRU,125,0.892
bursty,100,LRU,375,0.928
bursty,100,LRU,625,0.944
bursty,100,LRU,875,0.908
bursty,100,LRU,1125,0.916
bursty,100,LRU,1375,0.9359999999999999
bursty,100,LRU,1625,0.924
bursty,100,LRU,1875,0.904
bursty,100,LRU,2125,0.916
bursty,100,LRU,2375,0.928
bursty,100,LRU,2625,0.9359999999999999
bursty,100,LRU,2875,0.896
bursty,100,LRU,3125,0.796
bursty,100,LRU,3375,0.796
bursty,100,LRU,3625,0.788
bursty,100,LRU,3875,0.808
bursty,100,LRU,4125,0.8
bursty,100,LRU,4375,0.772
bursty,100,LRU,4625,0.812
bursty,100,LRU,4875,0.812
bursty,100,LRU,5125,0.752
bursty,100,LRU,5375,0.776
bursty,100,LRU,5625,0.788
bursty,100,LRU,5875,0.8240000000000001
bursty,100,OPT,125,0.892
bursty,100,OPT,375,0.96
bursty,100,OPT,625,0.956
bursty,100,OPT,875,0.94
bursty,100,OPT,1125,0.9359999999999999
bursty,100,OPT,1375,0.96
bursty,100,OPT,1625,0.94
bursty,100,OPT,1875,0.924
bursty,100,OPT,2125,0.944
bursty,100,OPT,2375,0.948
bursty,100,OPT,2625,0.956
bursty,100,OPT,2875,0.924
bursty,100,OPT,3125,0.88
bursty,100,OPT,3375,0.848
bursty,100,OPT,3625,0.872
bursty,100,OPT,3875,0.872
bursty,100,OPT,4125,0.86
bursty,100,OPT,4375,0.86
bursty,100,OPT,4625,0.884
bursty,100,OPT,4875,0.876
bursty,100,OPT,5125,0.848
bursty,100,OPT,5375,0.848
bursty,100,OPT,5625,0.848
bursty,100,OPT,5875,0.884
bursty,100,Learned,125,0.888
bursty,100,Learned,375,0.928
bursty,100,Learned,625,0.952
bursty,100,Learned,875,0.904
bursty,100,Learned,1125,0.912
bursty,100,Learned,1375,0.94
bursty,100,Learned,1625,0.92
bursty,100,Learned,1875,0.92
bursty,100,Learned,2125,0.928
bursty,100,Learned,2375,0.928
bursty,100,Learned,2625,0.9319999999999999
bursty,100,Learned,2875,0.896
bursty,100,Learned,3125,0.76
bursty,100,Learned,3375,0.708
bursty,100,Learned,3625,0.728
bursty,100,Learned,3875,0.72
bursty,100,Learned,4125,0.696
bursty,100,Learned,4375,0.696
bursty,100,Learned,4625,0.728
bursty,100,Learned,4875,0.708
bursty,100,Learned,5125,0.688
bursty,100,Learned,5375,0.7
bursty,100,Learned,5625,0.692
bursty,100,Learned,5875,0.72
bursty,101,FIFO,125,0.804
bursty,101,FIFO,375,0.8280000000000001
bursty,101,FIFO,625,0.848
bursty,101,FIFO,875,0.856
bursty,101,FIFO,1125,0.8240000000000001
bursty,101,FIFO,1375,0.908
bursty,101,FIFO,1625,0.852
bursty,101,FIFO,1875,0.8240000000000001
bursty,101,FIFO,2125,0.832
bursty,101,FIFO,2375,0.796
bursty,101,FIFO,2625,0.8160000000000001
bursty,101,FIFO,2875,0.864
bursty,101,FIFO,3125,0.704
bursty,101,FIFO,3375,0.708
bursty,101,FIFO,3625,0.76
bursty,101,FIFO,3875,0.688
bursty,101,FIFO,4125,0.736
bursty,101,FIFO,4375,0.764
bursty,101,FIFO,4625,0.696
bursty,101,FIFO,4875,0.74
bursty,101,FIFO,5125,0.688
bursty,101,FIFO,5375,0.692
bursty,101,FIFO,5625,0.712
bursty,101,FIFO,5875,0.724
bursty,101,LRU,125,0.868
bursty,101,LRU,375,0.9
bursty,101,LRU,625,0.916
bursty,101,LRU,875,0.916
bursty,101,LRU,1125,0.916
bursty,101,LRU,1375,0.94
bursty,101,LRU,1625,0.92
bursty,101,LRU,1875,0.916
bursty,101,LRU,2125,0.9
bursty,101,LRU,2375,0.888
bursty,101,LRU,2625,0.896
bursty,101,LRU,2875,0.928
bursty,101,LRU,3125,0.792
bursty,101,LRU,3375,0.776
bursty,101,LRU,3625,0.804
bursty,101,LRU,3875,0.764
bursty,101,LRU,4125,0.78
bursty,101,LRU,4375,0.812
bursty,101,LRU,4625,0.752
bursty,101,LRU,4875,0.804
bursty,101,LRU,5125,0.764
bursty,101,LRU,5375,0.74
bursty,101,LRU,5625,0.768
bursty,101,LRU,5875,0.804
bursty,101,OPT,125,0.884
bursty,101,OPT,375,0.9319999999999999
bursty,101,OPT,625,0.956
bursty,101,OPT,875,0.948
bursty,101,OPT,1125,0.9319999999999999
bursty,101,OPT,1375,0.952
bursty,101,OPT,1625,0.952
bursty,101,OPT,1875,0.9319999999999999
bursty,101,OPT,2125,0.9319999999999999
bursty,101,OPT,2375,0.924
bursty,101,OPT,2625,0.924
bursty,101,OPT,2875,0.952
bursty,101,OPT,3125,0.86
bursty,101,OPT,3375,0.832
bursty,101,OPT,3625,0.88
bursty,101,OPT,3875,0.836
bursty,101,OPT,4125,0.86
bursty,101,OPT,4375,0.884
bursty,101,OPT,4625,0.836
bursty,101,OPT,4875,0.868
bursty,101,OPT,5125,0.84
bursty,101,OPT,5375,0.844
bursty,101,OPT,5625,0.852
bursty,101,OPT,5875,0.872
bursty,101,Learned,125,0.864
bursty,101,Learned,375,0.916
bursty,101,Learned,625,0.924
bursty,101,Learned,875,0.9
bursty,101,Learned,1125,0.896
bursty,101,Learned,1375,0.924
bursty,101,Learned,1625,0.928
bursty,101,Learned,1875,0.912
bursty,101,Learned,2125,0.9
bursty,101,Learned,2375,0.9
bursty,101,Learned,2625,0.9
bursty,101,Learned,2875,0.92
bursty,101,Learned,3125,0.74
bursty,101,Learned,3375,0.688
bursty,101,Learned,3625,0.728
bursty,101,Learned,3875,0.6719999999999999
bursty,101,Learned,4125,0.688
bursty,101,Learned,4375,0.7
bursty,101,Learned,4625,0.6799999999999999
bursty,101,Learned,4875,0.712
bursty,101,Learned,5125,0.6599999999999999
bursty,101,Learned,5375,0.652
bursty,101,Learned,5625,0.7
bursty,101,Learned,5875,0.732
bursty,102,FIFO,125,0.872
bursty,102,FIFO,375,0.844
bursty,102,FIFO,625,0.812
bursty,102,FIFO,875,0.856
bursty,102,FIFO,1125,0.852
bursty,102,FIFO,1375,0.8
bursty,102,FIFO,1625,0.792
bursty,102,FIFO,1875,0.856
bursty,102,FIFO,2125,0.796
bursty,102,FIFO,2375,0.88
bursty,102,FIFO,2625,0.88
bursty,102,FIFO,2875,0.864
bursty,102,FIFO,3125,0.74
bursty,102,FIFO,3375,0.708
bursty,102,FIFO,3625,0.688
bursty,102,FIFO,3875,0.732
bursty,102,FIFO,4125,0.724
bursty,102,FIFO,4375,0.688
bursty,102,FIFO,4625,0.772
bursty,102,FIFO,4875,0.732
bursty,102,FIFO,5125,0.6719999999999999
bursty,102,FIFO,5375,0.708
bursty,102,FIFO,5625,0.732
bursty,102,FIFO,5875,0.72
bursty,102,LRU,125,0.904
bursty,102,LRU,375,0.916
bursty,102,LRU,625,0.9
bursty,102,LRU,875,0.92
bursty,102,LRU,1125,0.92
bursty,102,LRU,1375,0.892
bursty,102,LRU,1625,0.888
bursty,102,LRU,1875,0.92
bursty,102,LRU,2125,0.892
bursty,102,LRU,2375,0.9319999999999999
bursty,102,LRU,2625,0.928
bursty,102,LRU,2875,0.928
bursty,102,LRU,3125,0.812
bursty,102,LRU,3375,0.788
bursty,102,LRU,3625,0.764
bursty,102,LRU,3875,0.796
bursty,102,LRU,4125,0.776
bursty,102,LRU,4375,0.764
bursty,102,LRU,4625,0.812
bursty,102,LRU,4875,0.772
bursty,102,LRU,5125,0.756
bursty,102,LRU,5375,0.772
bursty,102,LRU,5625,0.8
bursty,102,LRU,5875,0.792
bursty,102,OPT,125,0.908
bursty,102,OPT,375,0.94
bursty,102,OPT,625,0.94
bursty,102,OPT,875,0.94
bursty,102,OPT,1125,0.948
bursty,102,OPT,1375,0.924
bursty,102,OPT,1625,0.924
bursty,102,OPT,1875,0.94
bursty,102,OPT,2125,0.924
bursty,102,OPT,2375,0.948
bursty,102,OPT,2625,0.952
bursty,102,OPT,2875,0.94
bursty,102,OPT,3125,0.872
bursty,102,OPT,3375,0.864
bursty,102,OPT,3625,0.86
bursty,102,OPT,3875,0.864
bursty,102,OPT,4125,0.852
bursty,102,OPT,4375,0.84
bursty,102,OPT,4625,0.868
bursty,102,OPT,4875,0.852
bursty,102,OPT,5125,0.836
bursty,102,OPT,5375,0.852
bursty,102,OPT,5625,0.864
bursty,102,OPT,5875,0.868
bursty,102,Learned,125,0.9
bursty,102,Learned,375,0.912
bursty,102,Learned,625,0.9
bursty,102,Learned,875,0.928
bursty,102,Learned,1125,0.916
bursty,102,Learned,1375,0.892
bursty,102,Learned,1625,0.896
bursty,102,Learned,1875,0.92
bursty,102,Learned,2125,0.908
bursty,102,Learned,2375,0.928
bursty,102,Learned,2625,0.9319999999999999
bursty,102,Learned,2875,0.916
bursty,102,Learned,3125,0.744
bursty,102,Learned,3375,0.716
bursty,102,Learned,3625,0.688
bursty,102,Learned,3875,0.704
bursty,102,Learned,4125,0.696
bursty,102,Learned,4375,0.7
bursty,102,Learned,4625,0.712
bursty,102,Learned,4875,0.708
bursty,102,Learned,5125,0.6839999999999999
bursty,102,Learned,5375,0.688
bursty,102,Learned,5625,0.692
bursty,102,Learned,5875,0.708
bursty,103,FIFO,125,0.808
bursty,103,FIFO,375,0.796
bursty,103,FIFO,625,0.8240000000000001
bursty,103,FIFO,875,0.876
bursty,103,FIFO,1125,0.88
bursty,103,FIFO,1375,0.804
bursty,103,FIFO,1625,0.856
bursty,103,FIFO,1875,0.848
bursty,103,FIFO,2125,0.784
bursty,103,FIFO,2375,0.868
bursty,103,FIFO,2625,0.92
bursty,103,FIFO,2875,0.808
bursty,103,FIFO,3125,0.692
bursty,103,FIFO,3375,0.6759999999999999
bursty,103,FIFO,3625,0.744
bursty,103,FIFO,3875,0.744
bursty,103,FIFO,4125,0.6759999999999999
bursty,103,FIFO,4375,0.788
bursty,103,FIFO,4625,0.748
bursty,103,FIFO,4875,0.732
bursty,103,FIFO,5125,0.752
bursty,103,FIFO,5375,0.716
bursty,103,FIFO,5625,0.736
bursty,103,FIFO,5875,0.74
bursty,103,LRU,125,0.872
bursty,103,LRU,375,0.892
bursty,103,LRU,625,0.896
bursty,103,LRU,875,0.9319999999999999
bursty,103,LRU,1125,0.928
bursty,103,LRU,1375,0.9
bursty,103,LRU,1625,0.92
bursty,103,LRU,1875,0.912
bursty,103,LRU,2125,0.88
bursty,103,LRU,2375,0.9319999999999999
bursty,103,LRU,2625,0.952
bursty,103,LRU,2875,0.904
bursty,103,LRU,3125,0.76
bursty,103,LRU,3375,0.748
bursty,103,LRU,3625,0.8
bursty,103,LRU,3875,0.792
bursty,103,LRU,4125,0.756
bursty,103,LRU,4375,0.8280000000000001
bursty,103,LRU,4625,0.8240000000000001
bursty,103,LRU,4875,0.8
bursty,103,LRU,5125,0.808
bursty,103,LRU,5375,0.776
bursty,103,LRU,5625,0.8
bursty,103,LRU,5875,0.8240000000000001
bursty,103,OPT,125,0.888
bursty,103,OPT,375,0.92
bursty,103,OPT,625,0.924
bursty,103,OPT,875,0.96
bursty,103,OPT,1125,0.948
bursty,103,OPT,1375,0.928
bursty,103,OPT,1625,0.952
bursty,103,OPT,1875,0.9359999999999999
bursty,103,OPT,2125,0.92
bursty,103,OPT,2375,0.956
bursty,103,OPT,2625,0.96
bursty,103,OPT,2875,0.94
bursty,103,OPT,3125,0.86
bursty,103,OPT,3375,0.844
bursty,103,OPT,3625,0.864
bursty,103,OPT,3875,0.864
bursty,103,OPT,4125,0.84
bursty,103,OPT,4375,0.896
bursty,103,OPT,4625,0.876
bursty,103,OPT,4875,0.856
bursty,103,OPT,5125,0.864
bursty,103,OPT,5375,0.86
bursty,103,OPT,5625,0.86
bursty,103,OPT,5875,0.88
bursty,103,Learned,125,0.868
bursty,103,Learned,375,0.892
bursty,103,Learned,625,0.904
bursty,103,Learned,875,0.9359999999999999
bursty,103,Learned,1125,0.9319999999999999
bursty,103,Learned,1375,0.88
bursty,103,Learned,1625,0.912
bursty,103,Learned,1875,0.916
bursty,103,Learned,2125,0.888
bursty,103,Learned,2375,0.94
bursty,103,Learned,2625,0.948
bursty,103,Learned,2875,0.912
bursty,103,Learned,3125,0.756
bursty,103,Learned,3375,0.6759999999999999
bursty,103,Learned,3625,0.72
bursty,103,Learned,3875,0.704
bursty,103,Learned,4125,0.6679999999999999
bursty,103,Learned,4375,0.736
bursty,103,Learned,4625,0.728
bursty,103,Learned,4875,0.696
bursty,103,Learned,5125,0.708
bursty,103,Learned,5375,0.692
bursty,103,Learned,5625,0.712
bursty,103,Learned,5875,0.736
bursty,104,FIFO,125,0.864
bursty,104,FIFO,375,0.792
bursty,104,FIFO,625,0.868
bursty,104,FIFO,875,0.848
bursty,104,FIFO,1125,0.796
bursty,104,FIFO,1375,0.86
bursty,104,FIFO,1625,0.864
bursty,104,FIFO,1875,0.8280000000000001
bursty,104,FIFO,2125,0.8160000000000001
bursty,104,FIFO,2375,0.864
bursty,104,FIFO,2625,0.848
bursty,104,FIFO,2875,0.9
bursty,104,FIFO,3125,0.736
bursty,104,FIFO,3375,0.708
bursty,104,FIFO,3625,0.768
bursty,104,FIFO,3875,0.748
bursty,104,FIFO,4125,0.748
bursty,104,FIFO,4375,0.724
bursty,104,FIFO,4625,0.764
bursty,104,FIFO,4875,0.744
bursty,104,FIFO,5125,0.724
bursty,104,FIFO,5375,0.656
bursty,104,FIFO,5625,0.76
bursty,104,FIFO,5875,0.708
bursty,104,LRU,125,0.896
bursty,104,LRU,375,0.888
bursty,104,LRU,625,0.9319999999999999
bursty,104,LRU,875,0.912
bursty,104,LRU,1125,0.892
bursty,104,LRU,1375,0.912
bursty,104,LRU,1625,0.924
bursty,104,LRU,1875,0.896
bursty,104,LRU,2125,0.92
bursty,104,LRU,2375,0.924
bursty,104,LRU,2625,0.908
bursty,104,LRU,2875,0.9319999999999999
bursty,104,LRU,3125,0.8280000000000001
bursty,104,LRU,3375,0.78
bursty,104,LRU,3625,0.8160000000000001
bursty,104,LRU,3875,0.784
bursty,104,LRU,4125,0.812
bursty,104,LRU,4375,0.784
bursty,104,LRU,4625,0.804
bursty,104,LRU,4875,0.804
bursty,104,LRU,5125,0.78
bursty,104,LRU,5375,0.724
bursty,104,LRU,5625,0.812
bursty,104,LRU,5875,0.764
bursty,104,OPT,125,0.9
bursty,104,OPT,375,0.928
bursty,104,OPT,625,0.96
bursty,104,OPT,875,0.94
bursty,104,OPT,1125,0.924
bursty,104,OPT,1375,0.948
bursty,104,OPT,1625,0.944
bursty,104,OPT,1875,0.924
bursty,104,OPT,2125,0.948
bursty,104,OPT,2375,0.948
bursty,104,OPT,2625,0.9359999999999999
bursty,104,OPT,2875,0.956
bursty,104,OPT,3125,0.892
bursty,104,OPT,3375,0.848
bursty,104,OPT,3625,0.884
bursty,104,OPT,3875,0.86
bursty,104,OPT,4125,0.868
bursty,104,OPT,4375,0.872
bursty,104,OPT,4625,0.868
bursty,104,OPT,4875,0.868
bursty,104,OPT,5125,0.86
bursty,104,OPT,5375,0.8240000000000001
bursty,104,OPT,5625,0.868
bursty,104,OPT,5875,0.84
bursty,104,Learned,125,0.9
bursty,104,Learned,375,0.892
bursty,104,Learned,625,0.928
bursty,104,Learned,875,0.912
bursty,104,Learned,1125,0.9
bursty,104,Learned,1375,0.916
bursty,104,Learned,1625,0.928
bursty,104,Learned,1875,0.888
bursty,104,Learned,2125,0.9
bursty,104,Learned,2375,0.9319999999999999
bursty,104,Learned,2625,0.908
bursty,104,Learned,2875,0.928
bursty,104,Learned,3125,0.776
bursty,104,Learned,3375,0.724
bursty,104,Learned,3625,0.712
bursty,104,Learned,3875,0.72
bursty,104,Learned,4125,0.72
bursty,104,Learned,4375,0.6799999999999999
bursty,104,Learned,4625,0.696
bursty,104,Learned,4875,0.6839999999999999
bursty,104,Learned,5125,0.7
bursty,104,Learned,5375,0.644
bursty,104,Learned,5625,0.716
bursty,104,Learned,5875,0.644
bursty,105,FIFO,125,0.86
bursty,105,FIFO,375,0.876
bursty,105,FIFO,625,0.8
bursty,105,FIFO,875,0.856
bursty,105,FIFO,1125,0.848
bursty,105,FIFO,1375,0.788
bursty,105,FIFO,1625,0.868
bursty,105,FIFO,1875,0.808
bursty,105,FIFO,2125,0.84
bursty,105,FIFO,2375,0.84
bursty,105,FIFO,2625,0.88
bursty,105,FIFO,2875,0.8
bursty,105,FIFO,3125,0.736
bursty,105,FIFO,3375,0.748
bursty,105,FIFO,3625,0.6799999999999999
bursty,105,FIFO,3875,0.772
bursty,105,FIFO,4125,0.732
bursty,105,FIFO,4375,0.6719999999999999
bursty,105,FIFO,4625,0.74
bursty,105,FIFO,4875,0.744
bursty,105,FIFO,5125,0.736
bursty,105,FIFO,5375,0.724
bursty,105,FIFO,5625,0.804
bursty,105,FIFO,5875,0.708
bursty,105,LRU,125,0.9
bursty,105,LRU,375,0.9359999999999999
bursty,105,LRU,625,0.896
bursty,105,LRU,875,0.92
bursty,105,LRU,1125,0.912
bursty,105,LRU,1375,0.884
bursty,105,LRU,1625,0.9319999999999999
bursty,105,LRU,1875,0.908
bursty,105,LRU,2125,0.908
bursty,105,LRU,2375,0.916
bursty,105,LRU,2625,0.9319999999999999
bursty,105,LRU,2875,0.896
bursty,105,LRU,3125,0.808
bursty,105,LRU,3375,0.8160000000000001
bursty,105,LRU,3625,0.732
bursty,105,LRU,3875,0.808
bursty,105,LRU,4125,0.796
bursty,105,LRU,4375,0.736
bursty,105,LRU,4625,0.812
bursty,105,LRU,4875,0.796
bursty,105,LRU,5125,0.792
bursty,105,LRU,5375,0.784
bursty,105,LRU,5625,0.836
bursty,105,LRU,5875,0.78
bursty,105,OPT,125,0.9
bursty,105,OPT,375,0.948
bursty,105,OPT,625,0.9319999999999999
bursty,105,OPT,875,0.948
bursty,105,OPT,1125,0.94
bursty,105,OPT,1375,0.916
bursty,105,OPT,1625,0.956
bursty,105,OPT,1875,0.944
bursty,105,OPT,2125,0.944
bursty,105,OPT,2375,0.9319999999999999
bursty,105,OPT,2625,0.96
bursty,105,OPT,2875,0.924
bursty,105,OPT,3125,0.872
bursty,105,OPT,3375,0.876
bursty,105,OPT,3625,0.8240000000000001
bursty,105,OPT,3875,0.876
bursty,105,OPT,4125,0.852
bursty,105,OPT,4375,0.844
bursty,105,OPT,4625,0.86
bursty,105,OPT,4875,0.88
bursty,105,OPT,5125,0.844
bursty,105,OPT,5375,0.864
bursty,105,OPT,5625,0.892
bursty,105,OPT,5875,0.852
bursty,105,Learned,125,0.892
bursty,105,Learned,375,0.94
bursty,105,Learned,625,0.908
bursty,105,Learned,875,0.924
bursty,105,Learned,1125,0.924
bursty,105,Learned,1375,0.888
bursty,105,Learned,1625,0.94
bursty,105,Learned,1875,0.9
bursty,105,Learned,2125,0.912
bursty,105,Learned,2375,0.892
bursty,105,Learned,2625,0.944
bursty,105,Learned,2875,0.912
bursty,105,Learned,3125,0.744
bursty,105,Learned,3375,0.704
bursty,105,Learned,3625,0.648
bursty,105,Learned,3875,0.692
bursty,105,Learned,4125,0.6799999999999999
bursty,105,Learned,4375,0.64
bursty,105,Learned,4625,0.712
bursty,105,Learned,4875,0.712
bursty,105,Learned,5125,0.7
bursty,105,Learned,5375,0.6639999999999999
bursty,105,Learned,5625,0.728
bursty,105,Learned,5875,0.696
bursty,106,FIFO,125,0.78
bursty,106,FIFO,375,0.84
bursty,106,FIFO,625,0.8160000000000001
bursty,106,FIFO,875,0.8
bursty,106,FIFO,1125,0.872
bursty,106,FIFO,1375,0.836
bursty,106,FIFO,1625,0.8200000000000001
bursty,106,FIFO,1875,0.864
bursty,106,FIFO,2125,0.8240000000000001
bursty,106,FIFO,2375,0.856
bursty,106,FIFO,2625,0.836
bursty,106,FIFO,2875,0.848
bursty,106,FIFO,3125,0.76
bursty,106,FIFO,3375,0.756
bursty,106,FIFO,3625,0.78
bursty,106,FIFO,3875,0.74
bursty,106,FIFO,4125,0.732
bursty,106,FIFO,4375,0.644
bursty,106,FIFO,4625,0.724
bursty,106,FIFO,4875,0.6719999999999999
bursty,106,FIFO,5125,0.716
bursty,106,FIFO,5375,0.72
bursty,106,FIFO,5625,0.716
bursty,106,FIFO,5875,0.756
bursty,106,LRU,125,0.852
bursty,106,LRU,375,0.908
bursty,106,LRU,625,0.892
bursty,106,LRU,875,0.896
bursty,106,LRU,1125,0.9319999999999999
bursty,106,LRU,1375,0.904
bursty,106,LRU,1625,0.912
bursty,106,LRU,1875,0.916
bursty,106,LRU,2125,0.9
bursty,106,LRU,2375,0.916
bursty,106,LRU,2625,0.908
bursty,106,LRU,2875,0.916
bursty,106,LRU,3125,0.848
bursty,106,LRU,3375,0.8200000000000001
bursty,106,LRU,3625,0.8240000000000001
bursty,106,LRU,3875,0.8
bursty,106,LRU,4125,0.784
bursty,106,LRU,4375,0.736
bursty,106,LRU,4625,0.772
bursty,106,LRU,4875,0.764
bursty,106,LRU,5125,0.764
bursty,106,LRU,5375,0.788
bursty,106,LRU,5625,0.78
bursty,106,LRU,5875,0.8240000000000001
bursty,106,OPT,125,0.872
bursty,106,OPT,375,0.94
bursty,106,OPT,625,0.92
bursty,106,OPT,875,0.9319999999999999
bursty,106,OPT,1125,0.956
bursty,106,OPT,1375,0.9359999999999999
bursty,106,OPT,1625,0.944
bursty,106,OPT,1875,0.94
bursty,106,OPT,2125,0.9359999999999999
bursty,106,OPT,2375,0.944
bursty,106,OPT,2625,0.9359999999999999
bursty,106,OPT,2875,0.9319999999999999
bursty,106,OPT,3125,0.912
bursty,106,OPT,3375,0.876
bursty,106,OPT,3625,0.892
bursty,106,OPT,3875,0.864
bursty,106,OPT,4125,0.86
bursty,106,OPT,4375,0.832
bursty,106,OPT,4625,0.86
bursty,106,OPT,4875,0.848
bursty,106,OPT,5125,0.844
bursty,106,OPT,5375,0.856
bursty,106,OPT,5625,0.856
bursty,106,OPT,5875,0.88
bursty,106,Learned,125,0.86
bursty,106,Learned,375,0.908
bursty,106,Learned,625,0.904
bursty,106,Learned,875,0.9
bursty,106,Learned,1125,0.9319999999999999
bursty,106,Learned,1375,0.896
bursty,106,Learned,1625,0.908
bursty,106,Learned,1875,0.916
bursty,106,Learned,2125,0.9
bursty,106,Learned,2375,0.912
bursty,106,Learned,2625,0.912
bursty,106,Learned,2875,0.92
bursty,106,Learned,3125,0.776
bursty,106,Learned,3375,0.724
bursty,106,Learned,3625,0.74
bursty,106,Learned,3875,0.7
bursty,106,Learned,4125,0.6799999999999999
bursty,106,Learned,4375,0.6639999999999999
bursty,106,Learned,4625,0.688
bursty,106,Learned,4875,0.6759999999999999
bursty,106,Learned,5125,0.708
bursty,106,Learned,5375,0.688
bursty,106,Learned,5625,0.696
bursty,106,Learned,5875,0.764
bursty,107,FIFO,125,0.804
bursty,107,FIFO,375,0.868
bursty,107,FIFO,625,0.868
bursty,107,FIFO,875,0.804
bursty,107,FIFO,1125,0.8240000000000001
bursty,107,FIFO,1375,0.804
bursty,107,FIFO,1625,0.808
bursty,107,FIFO,1875,0.8280000000000001
bursty,107,FIFO,2125,0.8200000000000001
bursty,107,FIFO,2375,0.888
bursty,107,FIFO,2625,0.752
bursty,107,FIFO,2875,0.86
bursty,107,FIFO,3125,0.712
bursty,107,FIFO,3375,0.72
bursty,107,FIFO,3625,0.656
bursty,107,FIFO,3875,0.744
bursty,107,FIFO,4125,0.744
bursty,107,FIFO,4375,0.736
bursty,107,FIFO,4625,0.724
bursty,107,FIFO,4875,0.6839999999999999
bursty,107,FIFO,5125,0.716
bursty,107,FIFO,5375,0.74
bursty,107,FIFO,5625,0.704
bursty,107,FIFO,5875,0.712
bursty,107,LRU,125,0.868
bursty,107,LRU,375,0.928
bursty,107,LRU,625,0.928
bursty,107,LRU,875,0.896
bursty,107,LRU,1125,0.904
bursty,107,LRU,1375,0.888
bursty,107,LRU,1625,0.908
bursty,107,LRU,1875,0.904
bursty,107,LRU,2125,0.908
bursty,107,LRU,2375,0.9319999999999999
bursty,107,LRU,2625,0.872
bursty,107,LRU,2875,0.924
bursty,107,LRU,3125,0.796
bursty,107,LRU,3375,0.764
bursty,107,LRU,3625,0.728
bursty,107,LRU,3875,0.796
bursty,107,LRU,4125,0.8160000000000001
bursty,107,LRU,4375,0.804
bursty,107,LRU,4625,0.776
bursty,107,LRU,4875,0.756
bursty,107,LRU,5125,0.78
bursty,107,LRU,5375,0.776
bursty,107,LRU,5625,0.768
bursty,107,LRU,5875,0.748
bursty,107,OPT,125,0.88
bursty,107,OPT,375,0.948
bursty,107,OPT,625,0.956
bursty,107,OPT,875,0.916
bursty,107,OPT,1125,0.9319999999999999
bursty,107,OPT,1375,0.9319999999999999
bursty,107,OPT,1625,0.94
bursty,107,OPT,1875,0.928
bursty,107,OPT,2125,0.944
bursty,107,OPT,2375,0.956
bursty,107,OPT,2625,0.904
bursty,107,OPT,2875,0.956
bursty,107,OPT,3125,0.872
bursty,107,OPT,3375,0.848
bursty,107,OPT,3625,0.812
bursty,107,OPT,3875,0.868
bursty,107,OPT,4125,0.884
bursty,107,OPT,4375,0.864
bursty,107,OPT,4625,0.844
bursty,107,OPT,4875,0.84
bursty,107,OPT,5125,0.856
bursty,107,OPT,5375,0.864
bursty,107,OPT,5625,0.848
bursty,107,OPT,5875,0.848
bursty,107,Learned,125,0.868
bursty,107,Learned,375,0.916
bursty,107,Learned,625,0.924
bursty,107,Learned,875,0.896
bursty,107,Learned,1125,0.904
bursty,107,Learned,1375,0.888
bursty,107,Learned,1625,0.9
bursty,107,Learned,1875,0.908
bursty,107,Learned,2125,0.912
bursty,107,Learned,2375,0.9359999999999999
bursty,107,Learned,2625,0.86
bursty,107,Learned,2875,0.924
bursty,107,Learned,3125,0.764
bursty,107,Learned,3375,0.716
bursty,107,Learned,3625,0.64
bursty,107,Learned,3875,0.72
bursty,107,Learned,4125,0.72
bursty,107,Learned,4375,0.6759999999999999
bursty,107,Learned,4625,0.648
bursty,107,Learned,4875,0.6679999999999999
bursty,107,Learned,5125,0.7
bursty,107,Learned,5375,0.696
bursty,107,Learned,5625,0.6639999999999999
bursty,107,Learned,5875,0.704
bursty,108,FIFO,125,0.804
bursty,108,FIFO,375,0.844
bursty,108,FIFO,625,0.864
bursty,108,FIFO,875,0.848
bursty,108,FIFO,1125,0.8240000000000001
bursty,108,FIFO,1375,0.888
bursty,108,FIFO,1625,0.852
bursty,108,FIFO,1875,0.836
bursty,108,FIFO,2125,0.844
bursty,108,FIFO,2375,0.84
bursty,108,FIFO,2625,0.804
bursty,108,FIFO,2875,0.908
bursty,108,FIFO,3125,0.744
bursty,108,FIFO,3375,0.732
bursty,108,FIFO,3625,0.712
bursty,108,FIFO,3875,0.688
bursty,108,FIFO,4125,0.704
bursty,108,FIFO,4375,0.72
bursty,108,FIFO,4625,0.704
bursty,108,FIFO,4875,0.712
bursty,108,FIFO,5125,0.78
bursty,108,FIFO,5375,0.688
bursty,108,FIFO,5625,0.728
bursty,108,FIFO,5875,0.712
bursty,108,LRU,125,0.868
bursty,108,LRU,375,0.916
bursty,108,LRU,625,0.9319999999999999
bursty,108,LRU,875,0.912
bursty,108,LRU,1125,0.912
bursty,108,LRU,1375,0.928
bursty,108,LRU,1625,0.916
bursty,108,LRU,1875,0.92
bursty,108,LRU,2125,0.916
bursty,108,LRU,2375,0.9
bursty,108,LRU,2625,0.9
bursty,108,LRU,2875,0.94
bursty,108,LRU,3125,0.832
bursty,108,LRU,3375,0.788
bursty,108,LRU,3625,0.78
bursty,108,LRU,3875,0.756
bursty,108,LRU,4125,0.764
bursty,108,LRU,4375,0.776
bursty,108,LRU,4625,0.74
bursty,108,LRU,4875,0.784
bursty,108,LRU,5125,0.804
bursty,108,LRU,5375,0.768
bursty,108,LRU,5625,0.788
bursty,108,LRU,5875,0.792
bursty,108,OPT,125,0.876
bursty,108,OPT,375,0.952
bursty,108,OPT,625,0.952
bursty,108,OPT,875,0.948
bursty,108,OPT,1125,0.928
bursty,108,OPT,1375,0.956
bursty,108,OPT,1625,0.94
bursty,108,OPT,1875,0.94
bursty,108,OPT,2125,0.94
bursty,108,OPT,2375,0.9319999999999999
bursty,108,OPT,2625,0.9359999999999999
bursty,108,OPT,2875,0.956
bursty,108,OPT,3125,0.888
bursty,108,OPT,3375,0.86
bursty,108,OPT,3625,0.852
bursty,108,OPT,3875,0.848
bursty,108,OPT,4125,0.84
bursty,108,OPT,4375,0.86
bursty,108,OPT,4625,0.836
bursty,108,OPT,4875,0.848
bursty,108,OPT,5125,0.872
bursty,108,OPT,5375,0.844
bursty,108,OPT,5625,0.864
bursty,108,OPT,5875,0.848
bursty,108,Learned,125,0.876
bursty,108,Learned,375,0.924
bursty,108,Learned,625,0.928
bursty,108,Learned,875,0.904
bursty,108,Learned,1125,0.92
bursty,108,Learned,1375,0.9319999999999999
bursty,108,Learned,1625,0.916
bursty,108,Learned,1875,0.904
bursty,108,Learned,2125,0.92
bursty,108,Learned,2375,0.9
bursty,108,Learned,2625,0.916
bursty,108,Learned,2875,0.9359999999999999
bursty,108,Learned,3125,0.756
bursty,108,Learned,3375,0.696
bursty,108,Learned,3625,0.6839999999999999
bursty,108,Learned,3875,0.696
bursty,108,Learned,4125,0.6599999999999999
bursty,108,Learned,4375,0.712
bursty,108,Learned,4625,0.6599999999999999
bursty,108,Learned,4875,0.6799999999999999
bursty,108,Learned,5125,0.716
bursty,108,Learned,5375,0.6679999999999999
bursty,108,Learned,5625,0.696
bursty,108,Learned,5875,0.6759999999999999
bursty,109,FIFO,125,0.872
bursty,109,FIFO,375,0.864
bursty,109,FIFO,625,0.864
bursty,109,FIFO,875,0.8200000000000001
bursty,109,FIFO,1125,0.8
bursty,109,FIFO,1375,0.86
bursty,109,FIFO,1625,0.856
bursty,109,FIFO,1875,0.86
bursty,109,FIFO,2125,0.804
bursty,109,FIFO,2375,0.836
bursty,109,FIFO,2625,0.864
bursty,109,FIFO,2875,0.92
bursty,109,FIFO,3125,0.716
bursty,109,FIFO,3375,0.724
bursty,109,FIFO,3625,0.7
bursty,109,FIFO,3875,0.792
bursty,109,FIFO,4125,0.748
bursty,109,FIFO,4375,0.692
bursty,109,FIFO,4625,0.6639999999999999
bursty,109,FIFO,4875,0.704
bursty,109,FIFO,5125,0.72
bursty,109,FIFO,5375,0.716
bursty,109,FIFO,5625,0.704
bursty,109,FIFO,5875,0.784
bursty,109,LRU,125,0.904
bursty,109,LRU,375,0.928
bursty,109,LRU,625,0.924
bursty,109,LRU,875,0.9
bursty,109,LRU,1125,0.896
bursty,109,LRU,1375,0.924
bursty,109,LRU,1625,0.928
bursty,109,LRU,1875,0.92
bursty,109,LRU,2125,0.88
bursty,109,LRU,2375,0.908
bursty,109,LRU,2625,0.928
bursty,109,LRU,2875,0.952
bursty,109,LRU,3125,0.808
bursty,109,LRU,3375,0.792
bursty,109,LRU,3625,0.756
bursty,109,LRU,3875,0.836
bursty,109,LRU,4125,0.796
bursty,109,LRU,4375,0.784
bursty,109,LRU,4625,0.752
bursty,109,LRU,4875,0.768
bursty,109,LRU,5125,0.78
bursty,109,LRU,5375,0.764
bursty,109,LRU,5625,0.76
bursty,109,LRU,5875,0.804
bursty,109,OPT,125,0.904
bursty,109,OPT,375,0.94
bursty,109,OPT,625,0.952
bursty,109,OPT,875,0.9319999999999999
bursty,109,OPT,1125,0.928
bursty,109,OPT,1375,0.948
bursty,109,OPT,1625,0.944
bursty,109,OPT,1875,0.952
bursty,109,OPT,2125,0.92
bursty,109,OPT,2375,0.94
bursty,109,OPT,2625,0.948
bursty,109,OPT,2875,0.972
bursty,109,OPT,3125,0.864
bursty,109,OPT,3375,0.872
bursty,109,OPT,3625,0.84
bursty,109,OPT,3875,0.896
bursty,109,OPT,4125,0.86
bursty,109,OPT,4375,0.86
bursty,109,OPT,4625,0.832
bursty,109,OPT,4875,0.844
bursty,109,OPT,5125,0.856
bursty,109,OPT,5375,0.844
bursty,109,OPT,5625,0.844
bursty,109,OPT,5875,0.872
bursty,109,Learned,125,0.904
bursty,109,Learned,375,0.9359999999999999
bursty,109,Learned,625,0.928
bursty,109,Learned,875,0.896
bursty,109,Learned,1125,0.908
bursty,109,Learned,1375,0.92
bursty,109,Learned,1625,0.924
bursty,109,Learned,1875,0.908
bursty,109,Learned,2125,0.876
bursty,109,Learned,2375,0.896
bursty,109,Learned,2625,0.9319999999999999
bursty,109,Learned,2875,0.944
bursty,109,Learned,3125,0.732
bursty,109,Learned,3375,0.688
bursty,109,Learned,3625,0.7
bursty,109,Learned,3875,0.732
bursty,109,Learned,4125,0.708
bursty,109,Learned,4375,0.696
bursty,109,Learned,4625,0.656
bursty,109,Learned,4875,0.6759999999999999
bursty,109,Learned,5125,0.6799999999999999
bursty,109,Learned,5375,0.688
bursty,109,Learned,5625,0.6679999999999999
bursty,109,Learned,5875,0.72
